"CreatedOn","ModifiedOn","_id","_oexerccompta_id","_oreference_id","_ocompte_id","_otableauposte_id","IntitulCompte","NumCompte","SoldeDebit","SoldeCredit","CreatedBy","ModifiedBy","__v","id"
"2018-02-19T00:34:05.681Z","2018-02-19T00:34:05.681Z","5a8a1b7dbf797d3a34f502c2","5a1e148074e45239e055feb9","5a83ab66e4517c3f08de9534","5a83ab65e4517c3f08de94c5","5a83ab67e4517c3f08de95d6","Dotation BENIN","102010",0,44829579,"Admin","Admin",0,"5a8a1b7dbf797d3a34f502c2"
"2018-02-19T00:34:05.686Z","2018-02-19T00:34:05.686Z","5a8a1b7dbf797d3a34f502c3","5a1e148074e45239e055feb9","5a83ab66e4517c3f08de952e","5a83ab65e4517c3f08de9439","5a83ab67e4517c3f08de95d3","Collectif Loyers,  Autres Pays","4116900",219500,0,"Admin","Admin",0,"5a8a1b7dbf797d3a34f502c3"
"2018-02-19T00:34:05.686Z","2018-02-19T00:34:05.686Z","5a8a1b7dbf797d3a34f502c4","5a1e148074e45239e055feb9","5a83ab66e4517c3f08de9543","5a83ab65e4517c3f08de94de","5a83ab67e4517c3f08de95d6","Collectif Loyers, Togo","4196800",0,1943980,"Admin","Admin",0,"5a8a1b7dbf797d3a34f502c4"
"2018-02-19T00:34:05.686Z","2018-02-19T00:34:05.686Z","5a8a1b7dbf797d3a34f502c5","5a1e148074e45239e055feb9","5a83ab66e4517c3f08de9546","5a83ab65e4517c3f08de94ea","5a83ab67e4517c3f08de95d6","Collectif Vacataires","427100",0,11704800,"Admin","Admin",0,"5a8a1b7dbf797d3a34f502c5"
"2018-02-19T00:34:05.686Z","2018-02-19T00:34:05.686Z","5a8a1b7dbf797d3a34f502c6","5a1e148074e45239e055feb9","5a83ab66e4517c3f08de9532","5a83ab65e4517c3f08de9472","5a83ab67e4517c3f08de95d3","UTB C/C","521210",38217492,0,"Admin","Admin",0,"5a8a1b7dbf797d3a34f502c6"
"2018-02-19T00:34:05.686Z","2018-02-19T00:34:05.686Z","5a8a1b7dbf797d3a34f502c7","5a1e148074e45239e055feb9","5a83ab66e4517c3f08de9532","5a83ab65e4517c3f08de9472","5a83ab67e4517c3f08de95d3","ECOBANK-TOGO (PGU)","521230",4952197,0,"Admin","Admin",0,"5a8a1b7dbf797d3a34f502c7"
"2018-02-19T00:34:05.686Z","2018-02-19T00:34:05.686Z","5a8a1b7dbf797d3a34f502c8","5a1e148074e45239e055feb9","5a83ab66e4517c3f08de9534","5a83ab65e4517c3f08de94c5","5a83ab67e4517c3f08de95d6","Dotation BURKINA","102020",0,65643312,"Admin","Admin",0,"5a8a1b7dbf797d3a34f502c8"
"2018-02-19T00:34:05.687Z","2018-02-19T00:34:05.687Z","5a8a1b7dbf797d3a34f502c9","5a1e148074e45239e055feb9","5a83ab66e4517c3f08de9534","5a83ab65e4517c3f08de94c5","5a83ab67e4517c3f08de95d6","Dotation CENTRAFRIQUE","102040",0,41326938,"Admin","Admin",0,"5a8a1b7dbf797d3a34f502c9"
"2018-02-19T00:34:05.687Z","2018-02-19T00:34:05.687Z","5a8a1b7dbf797d3a34f502ca","5a1e148074e45239e055feb9","5a83ab66e4517c3f08de9534","5a83ab65e4517c3f08de94c5","5a83ab67e4517c3f08de95d6","Dotation COTE D'IVOIRE","102050",0,64842784,"Admin","Admin",0,"5a8a1b7dbf797d3a34f502ca"
"2018-02-19T00:34:05.687Z","2018-02-19T00:34:05.687Z","5a8a1b7dbf797d3a34f502cb","5a1e148074e45239e055feb9","5a83ab66e4517c3f08de9534","5a83ab65e4517c3f08de94c5","5a83ab67e4517c3f08de95d6","Dotation GABON","102060",0,64042255,"Admin","Admin",0,"5a8a1b7dbf797d3a34f502cb"
"2018-02-19T00:34:05.687Z","2018-02-19T00:34:05.687Z","5a8a1b7dbf797d3a34f502cc","5a1e148074e45239e055feb9","5a83ab66e4517c3f08de9534","5a83ab65e4517c3f08de94c5","5a83ab67e4517c3f08de95d6","Dotation NIGER","102070",0,41279251,"Admin","Admin",0,"5a8a1b7dbf797d3a34f502cc"
"2018-02-19T00:34:05.687Z","2018-02-19T00:34:05.687Z","5a8a1b7dbf797d3a34f502cd","5a1e148074e45239e055feb9","5a83ab66e4517c3f08de9534","5a83ab65e4517c3f08de94c5","5a83ab67e4517c3f08de95d6","Dotation TOGO","102080",0,57203109,"Admin","Admin",0,"5a8a1b7dbf797d3a34f502cd"
"2018-02-19T00:34:05.687Z","2018-02-19T00:34:05.687Z","5a8a1b7dbf797d3a34f502ce","5a1e148074e45239e055feb9","5a83ab66e4517c3f08de9534","5a83ab65e4517c3f08de94c5","5a83ab67e4517c3f08de95d6","Dotation SENEGAL","102090",0,18808451,"Admin","Admin",0,"5a8a1b7dbf797d3a34f502ce"
"2018-02-19T00:34:05.687Z","2018-02-19T00:34:05.687Z","5a8a1b7dbf797d3a34f502cf","5a1e148074e45239e055feb9","5a83ab66e4517c3f08de953a","5a83ab65e4517c3f08de94f8","5a83ab67e4517c3f08de95d6","Report à nouveau","120000",0,578005041,"Admin","Admin",0,"5a8a1b7dbf797d3a34f502cf"
"2018-02-19T00:34:05.687Z","2018-02-19T00:34:05.687Z","5a8a1b7dbf797d3a34f502d0","5a1e148074e45239e055feb9","5a83ab66e4517c3f08de953a","5a83ab65e4517c3f08de94f8","5a83ab67e4517c3f08de95d6","Report à nouveau","12",0,593410553,"Admin","Admin",0,"5a8a1b7dbf797d3a34f502d0"
"2018-02-19T00:34:05.688Z","2018-02-19T00:34:05.688Z","5a8a1b7dbf797d3a34f502d1","5a1e148074e45239e055feb9","5a83ab66e4517c3f08de953c","5a83ab65e4517c3f08de94c2","5a83ab67e4517c3f08de95d6","Subv Equip Etats","141800",0,456333320,"Admin","Admin",0,"5a8a1b7dbf797d3a34f502d1"
"2018-02-19T00:34:05.688Z","2018-02-19T00:34:05.688Z","5a8a1b7dbf797d3a34f502d2","5a1e148074e45239e055feb9","5a83ab66e4517c3f08de9541","5a83ab65e4517c3f08de94f9","5a83ab67e4517c3f08de95d6","Provions  Pensions & Obligations","196000",0,118757127,"Admin","Admin",0,"5a8a1b7dbf797d3a34f502d2"
"2018-02-19T00:34:05.689Z","2018-02-19T00:34:05.689Z","5a8a1b7dbf797d3a34f502d3","5a1e148074e45239e055feb9","5a83ab66e4517c3f08de951a","5a83ab65e4517c3f08de945a","5a83ab67e4517c3f08de95d3","Licence Pédagogique","212100",40973760,0,"Admin","Admin",0,"5a8a1b7dbf797d3a34f502d3"
"2018-02-19T00:34:05.689Z","2018-02-19T00:34:05.689Z","5a8a1b7dbf797d3a34f502d4","5a1e148074e45239e055feb9","5a83ab66e4517c3f08de951a","5a83ab65e4517c3f08de945b","5a83ab67e4517c3f08de95d3","Logiciels Administration","213100",4825000,0,"Admin","Admin",0,"5a8a1b7dbf797d3a34f502d4"
"2018-02-19T00:34:05.689Z","2018-02-19T00:34:05.689Z","5a8a1b7dbf797d3a34f502d5","5a1e148074e45239e055feb9","5a83ab66e4517c3f08de951a","5a83ab65e4517c3f08de945b","5a83ab67e4517c3f08de95d3","Logiciels Pédagogie","213200",574000,0,"Admin","Admin",0,"5a8a1b7dbf797d3a34f502d5"
"2018-02-19T00:34:05.690Z","2018-02-19T00:34:05.690Z","5a8a1b7dbf797d3a34f502d6","5a1e148074e45239e055feb9","5a83ab66e4517c3f08de951a","5a83ab65e4517c3f08de945d","5a83ab67e4517c3f08de95d3","Logiciel Encours","219311",1225000,0,"Admin","Admin",0,"5a8a1b7dbf797d3a34f502d6"
"2018-02-19T00:34:05.690Z","2018-02-19T00:34:05.690Z","5a8a1b7dbf797d3a34f502d7","5a1e148074e45239e055feb9","5a83ab66e4517c3f08de951d","5a83ab65e4517c3f08de9447","5a83ab67e4517c3f08de95d3","Terrains","220100",124848000,0,"Admin","Admin",0,"5a8a1b7dbf797d3a34f502d7"
"2018-02-19T00:34:05.690Z","2018-02-19T00:34:05.690Z","5a8a1b7dbf797d3a34f502d8","5a1e148074e45239e055feb9","5a83ab66e4517c3f08de951e","5a83ab65e4517c3f08de9448","5a83ab67e4517c3f08de95d3","Constructions & Immeubles","231300",264417240,0,"Admin","Admin",0,"5a8a1b7dbf797d3a34f502d8"
"2018-02-19T00:34:05.690Z","2018-02-19T00:34:05.690Z","5a8a1b7dbf797d3a34f502d9","5a1e148074e45239e055feb9","5a83ab66e4517c3f08de951f","5a83ab65e4517c3f08de944e","5a83ab67e4517c3f08de95d3","Amenagement de Bureau","235100",6965000,0,"Admin","Admin",0,"5a8a1b7dbf797d3a34f502d9"
"2018-02-19T00:34:05.691Z","2018-02-19T00:34:05.691Z","5a8a1b7dbf797d3a34f502da","5a1e148074e45239e055feb9","5a83ab66e4517c3f08de951f","5a83ab65e4517c3f08de944f","5a83ab67e4517c3f08de95d3","Autres Aménag. Instal.","238000",65869007,0,"Admin","Admin",0,"5a8a1b7dbf797d3a34f502da"
"2018-02-19T00:34:05.691Z","2018-02-19T00:34:05.691Z","5a8a1b7dbf797d3a34f502db","5a1e148074e45239e055feb9","5a83ab66e4517c3f08de951e","5a83ab65e4517c3f08de9450","5a83ab67e4517c3f08de95d3","Bâtiments & Installations encours","239200",25000000,0,"Admin","Admin",0,"5a8a1b7dbf797d3a34f502db"
"2018-02-19T00:34:05.691Z","2018-02-19T00:34:05.691Z","5a8a1b7dbf797d3a34f502dc","5a1e148074e45239e055feb9","5a83ab66e4517c3f08de9520","5a83ab65e4517c3f08de9451","5a83ab67e4517c3f08de95d3","Matériel de Bureau","244100",9640532,0,"Admin","Admin",0,"5a8a1b7dbf797d3a34f502dc"
"2018-02-19T00:34:05.691Z","2018-02-19T00:34:05.691Z","5a8a1b7dbf797d3a34f502dd","5a1e148074e45239e055feb9","5a83ab66e4517c3f08de9520","5a83ab65e4517c3f08de9451","5a83ab67e4517c3f08de95d3","Matériel Informatique","244200",58665248,0,"Admin","Admin",0,"5a8a1b7dbf797d3a34f502dd"
"2018-02-19T00:34:05.691Z","2018-02-19T00:34:05.691Z","5a8a1b7dbf797d3a34f502de","5a1e148074e45239e055feb9","5a83ab66e4517c3f08de9520","5a83ab65e4517c3f08de9451","5a83ab67e4517c3f08de95d3","Matériel Bureautique","244300",3671422,0,"Admin","Admin",0,"5a8a1b7dbf797d3a34f502de"
"2018-02-19T00:34:05.692Z","2018-02-19T00:34:05.692Z","5a8a1b7dbf797d3a34f502df","5a1e148074e45239e055feb9","5a83ab66e4517c3f08de9520","5a83ab65e4517c3f08de9451","5a83ab67e4517c3f08de95d3","Mobilier de Bureau","244400",24932695,0,"Admin","Admin",0,"5a8a1b7dbf797d3a34f502df"
"2018-02-19T00:34:05.692Z","2018-02-19T00:34:05.692Z","5a8a1b7dbf797d3a34f502e0","5a1e148074e45239e055feb9","5a83ab66e4517c3f08de9520","5a83ab65e4517c3f08de9451","5a83ab67e4517c3f08de95d3","Mobilier de Logement","244700",1764000,0,"Admin","Admin",0,"5a8a1b7dbf797d3a34f502e0"
"2018-02-19T00:34:05.692Z","2018-02-19T00:34:05.692Z","5a8a1b7dbf797d3a34f502e1","5a1e148074e45239e055feb9","5a83ab66e4517c3f08de9520","5a83ab65e4517c3f08de9451","5a83ab67e4517c3f08de95d3","Mobilier Pédagogique","244810",27553226,0,"Admin","Admin",0,"5a8a1b7dbf797d3a34f502e1"
"2018-02-19T00:34:05.692Z","2018-02-19T00:34:05.692Z","5a8a1b7dbf797d3a34f502e2","5a1e148074e45239e055feb9","5a83ab66e4517c3f08de9520","5a83ab65e4517c3f08de9451","5a83ab67e4517c3f08de95d3","Matériel Pédagogique","244820",6000570,0,"Admin","Admin",0,"5a8a1b7dbf797d3a34f502e2"
"2018-02-19T00:34:05.692Z","2018-02-19T00:34:05.692Z","5a8a1b7dbf797d3a34f502e3","5a1e148074e45239e055feb9","5a83ab66e4517c3f08de9520","5a83ab65e4517c3f08de9451","5a83ab67e4517c3f08de95d3","Matériel Médical","244830",452000,0,"Admin","Admin",0,"5a8a1b7dbf797d3a34f502e3"
"2018-02-19T00:34:05.692Z","2018-02-19T00:34:05.692Z","5a8a1b7dbf797d3a34f502e4","5a1e148074e45239e055feb9","5a83ab66e4517c3f08de9521","5a83ab65e4517c3f08de9453","5a83ab67e4517c3f08de95d3","Matériel de Transport","245100",63965684,0,"Admin","Admin",0,"5a8a1b7dbf797d3a34f502e4"
"2018-02-19T00:34:05.693Z","2018-02-19T00:34:05.693Z","5a8a1b7dbf797d3a34f502e5","5a1e148074e45239e055feb9","5a83ab66e4517c3f08de9520","5a83ab65e4517c3f08de9451","5a83ab67e4517c3f08de95d3","Matériel Bureautique","249460",58800,0,"Admin","Admin",0,"5a8a1b7dbf797d3a34f502e5"
"2018-02-19T00:34:05.693Z","2018-02-19T00:34:05.693Z","5a8a1b7dbf797d3a34f502e6","5a1e148074e45239e055feb9","5a83ab66e4517c3f08de9524","5a83ab65e4517c3f08de9456","5a83ab67e4517c3f08de95d3","Dépôts & Caut, CEET","275200",248000,0,"Admin","Admin",0,"5a8a1b7dbf797d3a34f502e6"
"2018-02-19T00:34:05.693Z","2018-02-19T00:34:05.693Z","5a8a1b7dbf797d3a34f502e7","5a1e148074e45239e055feb9","5a83ab66e4517c3f08de9524","5a83ab65e4517c3f08de9456","5a83ab67e4517c3f08de95d3","Dépôts & Caut, INTERNET","275300",60000,0,"Admin","Admin",0,"5a8a1b7dbf797d3a34f502e7"
"2018-02-19T00:34:05.693Z","2018-02-19T00:34:05.693Z","5a8a1b7dbf797d3a34f502e8","5a1e148074e45239e055feb9","5a83ab66e4517c3f08de9524","5a83ab65e4517c3f08de9456","5a83ab67e4517c3f08de95d3","Dépôts & Caut,TELECOM","275400",200000,0,"Admin","Admin",0,"5a8a1b7dbf797d3a34f502e8"
"2018-02-19T00:34:05.693Z","2018-02-19T00:34:05.693Z","5a8a1b7dbf797d3a34f502e9","5a1e148074e45239e055feb9","5a83ab66e4517c3f08de951a","5a83ab65e4517c3f08de9423","5a83ab67e4517c3f08de95d3","Amortis Logiciel Admini","281300",0,3910250,"Admin","Admin",0,"5a8a1b7dbf797d3a34f502e9"
"2018-02-19T00:34:05.693Z","2018-02-19T00:34:05.693Z","5a8a1b7dbf797d3a34f502ea","5a1e148074e45239e055feb9","5a83ab66e4517c3f08de951a","5a83ab65e4517c3f08de9424","5a83ab67e4517c3f08de95d3","Amortis. Logiciel Pédagogique","281400",0,334000,"Admin","Admin",0,"5a8a1b7dbf797d3a34f502ea"
"2018-02-19T00:34:05.693Z","2018-02-19T00:34:05.693Z","5a8a1b7dbf797d3a34f502eb","5a1e148074e45239e055feb9","5a83ab66e4517c3f08de951e","5a83ab65e4517c3f08de942a","5a83ab67e4517c3f08de95d3","Amort Contruc. & Immeubles","283130",0,213244238,"Admin","Admin",0,"5a8a1b7dbf797d3a34f502eb"
"2018-02-19T00:34:05.693Z","2018-02-19T00:34:05.693Z","5a8a1b7dbf797d3a34f502ec","5a1e148074e45239e055feb9","5a83ab66e4517c3f08de951f","5a83ab65e4517c3f08de942e","5a83ab67e4517c3f08de95d3","Amort Amén. Bureau","283510",0,4083834,"Admin","Admin",0,"5a8a1b7dbf797d3a34f502ec"
"2018-02-19T00:34:05.693Z","2018-02-19T00:34:05.693Z","5a8a1b7dbf797d3a34f502ed","5a1e148074e45239e055feb9","5a83ab66e4517c3f08de951f","5a83ab65e4517c3f08de942e","5a83ab67e4517c3f08de95d3","Amort. Autre Amén. Instal","283800",0,39157409,"Admin","Admin",0,"5a8a1b7dbf797d3a34f502ed"
"2018-02-19T00:34:05.694Z","2018-02-19T00:34:05.694Z","5a8a1b7dbf797d3a34f502ee","5a1e148074e45239e055feb9","5a83ab66e4517c3f08de9520","5a83ab65e4517c3f08de942f","5a83ab67e4517c3f08de95d3","Amort Matériel Bureau","284410",0,6011615,"Admin","Admin",0,"5a8a1b7dbf797d3a34f502ee"
"2018-02-19T00:34:05.696Z","2018-02-19T00:34:05.696Z","5a8a1b7dbf797d3a34f502ef","5a1e148074e45239e055feb9","5a83ab66e4517c3f08de9520","5a83ab65e4517c3f08de942f","5a83ab67e4517c3f08de95d3","Amort Mat. Informatique","284420",0,28077592,"Admin","Admin",0,"5a8a1b7dbf797d3a34f502ef"
"2018-02-19T00:34:05.696Z","2018-02-19T00:34:05.696Z","5a8a1b7dbf797d3a34f502f0","5a1e148074e45239e055feb9","5a83ab66e4517c3f08de9520","5a83ab65e4517c3f08de942f","5a83ab67e4517c3f08de95d3","Amort. Mat. Bureautique","284430",0,2864994,"Admin","Admin",0,"5a8a1b7dbf797d3a34f502f0"
"2018-02-19T00:34:05.696Z","2018-02-19T00:34:05.696Z","5a8a1b7dbf797d3a34f502f1","5a1e148074e45239e055feb9","5a83ab66e4517c3f08de9520","5a83ab65e4517c3f08de942f","5a83ab67e4517c3f08de95d3","Amort Mobilier Bureau","284440",0,11239459,"Admin","Admin",0,"5a8a1b7dbf797d3a34f502f1"
"2018-02-19T00:34:05.697Z","2018-02-19T00:34:05.697Z","5a8a1b7dbf797d3a34f502f2","5a1e148074e45239e055feb9","5a83ab66e4517c3f08de9520","5a83ab65e4517c3f08de942f","5a83ab67e4517c3f08de95d3","Amort. Mobilier Logement","284470",0,1215650,"Admin","Admin",0,"5a8a1b7dbf797d3a34f502f2"
"2018-02-19T00:34:05.697Z","2018-02-19T00:34:05.697Z","5a8a1b7dbf797d3a34f502f3","5a1e148074e45239e055feb9","5a83ab66e4517c3f08de9520","5a83ab65e4517c3f08de942f","5a83ab67e4517c3f08de95d3","Amort. Mob. Pédagogique","284481",0,22509120,"Admin","Admin",0,"5a8a1b7dbf797d3a34f502f3"
"2018-02-19T00:34:05.698Z","2018-02-19T00:34:05.698Z","5a8a1b7dbf797d3a34f502f4","5a1e148074e45239e055feb9","5a83ab66e4517c3f08de9520","5a83ab65e4517c3f08de942f","5a83ab67e4517c3f08de95d3","Amort Mat. Pédagogique","284482",0,4986737,"Admin","Admin",0,"5a8a1b7dbf797d3a34f502f4"
"2018-02-19T00:34:05.698Z","2018-02-19T00:34:05.698Z","5a8a1b7dbf797d3a34f502f5","5a1e148074e45239e055feb9","5a83ab66e4517c3f08de9520","5a83ab65e4517c3f08de942f","5a83ab67e4517c3f08de95d3","Amort Mat. Médical","284483",0,151000,"Admin","Admin",0,"5a8a1b7dbf797d3a34f502f5"
"2018-02-19T00:34:05.698Z","2018-02-19T00:34:05.698Z","5a8a1b7dbf797d3a34f502f6","5a1e148074e45239e055feb9","5a83ab66e4517c3f08de9521","5a83ab65e4517c3f08de9430","5a83ab67e4517c3f08de95d3","Amort. Matériel Transport","284500",0,38899905,"Admin","Admin",0,"5a8a1b7dbf797d3a34f502f6"
"2018-02-19T00:34:05.698Z","2018-02-19T00:34:05.698Z","5a8a1b7dbf797d3a34f502f7","5a1e148074e45239e055feb9","5a83ab66e4517c3f08de9544","5a83ab65e4517c3f08de94df","5a83ab67e4517c3f08de95d6","FOURN DETTES EN CPTE","401000",0,10498956,"Admin","Admin",0,"5a8a1b7dbf797d3a34f502f7"
"2018-02-19T00:34:05.698Z","2018-02-19T00:34:05.698Z","5a8a1b7dbf797d3a34f502f8","5a1e148074e45239e055feb9","5a83ab66e4517c3f08de9544","5a83ab65e4517c3f08de94df","5a83ab67e4517c3f08de95d6","Fournisseurs Divers","401100",0,4084595,"Admin","Admin",0,"5a8a1b7dbf797d3a34f502f8"
"2018-02-19T00:34:05.698Z","2018-02-19T00:34:05.698Z","5a8a1b7dbf797d3a34f502f9","5a1e148074e45239e055feb9","5a83ab66e4517c3f08de9544","5a83ab65e4517c3f08de94e1","5a83ab67e4517c3f08de95d6","Fournisseurs, Fact. non parvenues","408100",0,3500000,"Admin","Admin",0,"5a8a1b7dbf797d3a34f502f9"
"2018-02-19T00:34:05.699Z","2018-02-19T00:34:05.699Z","5a8a1b7dbf797d3a34f502fa","5a1e148074e45239e055feb9","5a83ab66e4517c3f08de9543","5a83ab65e4517c3f08de94de","5a83ab67e4517c3f08de95d6","Collectif Frais Scol., Etud. Privé","419100",0,6176498,"Admin","Admin",0,"5a8a1b7dbf797d3a34f502fa"
"2018-02-19T00:34:05.699Z","2018-02-19T00:34:05.699Z","5a8a1b7dbf797d3a34f502fb","5a1e148074e45239e055feb9","5a83ab66e4517c3f08de9543","5a83ab65e4517c3f08de94de","5a83ab67e4517c3f08de95d6","Autres Créances Etudi","419400",0,2395901,"Admin","Admin",0,"5a8a1b7dbf797d3a34f502fb"
"2018-02-19T00:34:05.699Z","2018-02-19T00:34:05.699Z","5a8a1b7dbf797d3a34f502fc","5a1e148074e45239e055feb9","5a83ab66e4517c3f08de952e","5a83ab65e4517c3f08de9439","5a83ab67e4517c3f08de95d3","Clients Divers","411500",15607478,0,"Admin","Admin",0,"5a8a1b7dbf797d3a34f502fc"
"2018-02-19T00:34:05.699Z","2018-02-19T00:34:05.699Z","5a8a1b7dbf797d3a34f502fd","5a1e148074e45239e055feb9","5a83ab66e4517c3f08de952e","5a83ab65e4517c3f08de9439","5a83ab67e4517c3f08de95d3"," FNAPP,Etudiants Togolais  ","411600",3850000,0,"Admin","Admin",0,"5a8a1b7dbf797d3a34f502fd"
"2018-02-19T00:34:05.699Z","2018-02-19T00:34:05.699Z","5a8a1b7dbf797d3a34f502fe","5a1e148074e45239e055feb9","5a83ab66e4517c3f08de952e","5a83ab65e4517c3f08de9439","5a83ab67e4517c3f08de95d3","Collectif Loyers, Bénin","4116100",543250,0,"Admin","Admin",0,"5a8a1b7dbf797d3a34f502fe"
"2018-02-19T00:34:05.699Z","2018-02-19T00:34:05.699Z","5a8a1b7dbf797d3a34f502ff","5a1e148074e45239e055feb9","5a83ab66e4517c3f08de9543","5a83ab65e4517c3f08de94de","5a83ab67e4517c3f08de95d6","Collectif Loyers, Burkina","4196200",0,472838,"Admin","Admin",0,"5a8a1b7dbf797d3a34f502ff"
"2018-02-19T00:34:05.699Z","2018-02-19T00:34:05.699Z","5a8a1b7dbf797d3a34f50300","5a1e148074e45239e055feb9","5a83ab66e4517c3f08de952e","5a83ab65e4517c3f08de9439","5a83ab67e4517c3f08de95d3","Collectif Loyers, Caméroun","4116300",505918,0,"Admin","Admin",0,"5a8a1b7dbf797d3a34f50300"
"2018-02-19T00:34:05.699Z","2018-02-19T00:34:05.699Z","5a8a1b7dbf797d3a34f50301","5a1e148074e45239e055feb9","5a83ab66e4517c3f08de952e","5a83ab65e4517c3f08de9439","5a83ab67e4517c3f08de95d3","Collectif Loyers, Centrafriq","4116400",798974,0,"Admin","Admin",0,"5a8a1b7dbf797d3a34f50301"
"2018-02-19T00:34:05.699Z","2018-02-19T00:34:05.699Z","5a8a1b7dbf797d3a34f50302","5a1e148074e45239e055feb9","5a83ab66e4517c3f08de952e","5a83ab65e4517c3f08de9439","5a83ab67e4517c3f08de95d3","Collectif Loyers, Cote Ivoire","4116500",433368,0,"Admin","Admin",0,"5a8a1b7dbf797d3a34f50302"
"2018-02-19T00:34:05.700Z","2018-02-19T00:34:05.700Z","5a8a1b7dbf797d3a34f50303","5a1e148074e45239e055feb9","5a83ab66e4517c3f08de9543","5a83ab65e4517c3f08de94de","5a83ab67e4517c3f08de95d6","Collectif Loyers, Gabon","4196600",0,43677,"Admin","Admin",0,"5a8a1b7dbf797d3a34f50303"
"2018-02-19T00:34:05.700Z","2018-02-19T00:34:05.700Z","5a8a1b7dbf797d3a34f50304","5a1e148074e45239e055feb9","5a83ab66e4517c3f08de952e","5a83ab65e4517c3f08de9439","5a83ab67e4517c3f08de95d3","Collectif Loyers, Niger","4116700",61586,0,"Admin","Admin",0,"5a8a1b7dbf797d3a34f50304"
"2018-02-19T00:34:05.700Z","2018-02-19T00:34:05.700Z","5a8a1b7dbf797d3a34f50305","5a1e148074e45239e055feb9","5a83ab66e4517c3f08de9543","5a83ab65e4517c3f08de94de","5a83ab67e4517c3f08de95d6","Collectif Loyers, Guinée Equato","4197100",0,95000,"Admin","Admin",0,"5a8a1b7dbf797d3a34f50305"
"2018-02-19T00:34:05.700Z","2018-02-19T00:34:05.700Z","5a8a1b7dbf797d3a34f50306","5a1e148074e45239e055feb9","5a83ab66e4517c3f08de952e","5a83ab65e4517c3f08de9439","5a83ab67e4517c3f08de95d3","Collectif Loyers, Congo Brazza","4117400",132500,0,"Admin","Admin",0,"5a8a1b7dbf797d3a34f50306"
"2018-02-19T00:34:05.700Z","2018-02-19T00:34:05.700Z","5a8a1b7dbf797d3a34f50307","5a1e148074e45239e055feb9","5a83ab66e4517c3f08de952e","5a83ab65e4517c3f08de9439","5a83ab67e4517c3f08de95d3","Collectif Loyers, Tchad","4117500",30500,0,"Admin","Admin",0,"5a8a1b7dbf797d3a34f50307"
"2018-02-19T00:34:05.701Z","2018-02-19T00:34:05.701Z","5a8a1b7dbf797d3a34f50308","5a1e148074e45239e055feb9","5a83ab66e4517c3f08de952e","5a83ab65e4517c3f08de9439","5a83ab67e4517c3f08de95d3","Créances Douteuses","416200",11000000,0,"Admin","Admin",0,"5a8a1b7dbf797d3a34f50308"
"2018-02-19T00:34:05.701Z","2018-02-19T00:34:05.701Z","5a8a1b7dbf797d3a34f50309","5a1e148074e45239e055feb9","5a83ab66e4517c3f08de9543","5a83ab65e4517c3f08de94de","5a83ab67e4517c3f08de95d6","Etud, Cautions Biblioth. reç  ","419600",0,590000,"Admin","Admin",0,"5a8a1b7dbf797d3a34f50309"
"2018-02-19T00:34:05.701Z","2018-02-19T00:34:05.701Z","5a8a1b7dbf797d3a34f5030a","5a1e148074e45239e055feb9","5a83ab66e4517c3f08de9546","5a83ab65e4517c3f08de94ea","5a83ab67e4517c3f08de95d6","Personnel, Rémun. Dues","422000",0,14439061,"Admin","Admin",0,"5a8a1b7dbf797d3a34f5030a"
"2018-02-19T00:34:05.701Z","2018-02-19T00:34:05.701Z","5a8a1b7dbf797d3a34f5030b","5a1e148074e45239e055feb9","5a83ab66e4517c3f08de952f","5a83ab65e4517c3f08de943c","5a83ab67e4517c3f08de95d3","Collectif,  C/C Personnel","421700",39800936,0,"Admin","Admin",0,"5a8a1b7dbf797d3a34f5030b"
"2018-02-19T00:34:05.701Z","2018-02-19T00:34:05.701Z","5a8a1b7dbf797d3a34f5030c","5a1e148074e45239e055feb9","5a83ab66e4517c3f08de9546","5a83ab65e4517c3f08de94ea","5a83ab67e4517c3f08de95d6","Autres Personnels","427200",0,11411425,"Admin","Admin",0,"5a8a1b7dbf797d3a34f5030c"
"2018-02-19T00:34:05.701Z","2018-02-19T00:34:05.701Z","5a8a1b7dbf797d3a34f5030d","5a1e148074e45239e055feb9","5a83ab66e4517c3f08de9546","5a83ab65e4517c3f08de94eb","5a83ab67e4517c3f08de95d6","CNSS(Cotis. Séc. Soci)","431100",0,26392530,"Admin","Admin",0,"5a8a1b7dbf797d3a34f5030d"
"2018-02-19T00:34:05.701Z","2018-02-19T00:34:05.701Z","5a8a1b7dbf797d3a34f5030e","5a1e148074e45239e055feb9","5a83ab66e4517c3f08de9546","5a83ab65e4517c3f08de94eb","5a83ab67e4517c3f08de95d6","Pensions Pers. Détaché","431200",0,19012008,"Admin","Admin",0,"5a8a1b7dbf797d3a34f5030e"
"2018-02-19T00:34:05.702Z","2018-02-19T00:34:05.702Z","5a8a1b7dbf797d3a34f5030f","5a1e148074e45239e055feb9","5a83ab66e4517c3f08de952f","5a83ab65e4517c3f08de943d","5a83ab67e4517c3f08de95d3","T.V.A. récupérable/Eau","445210",1562224,0,"Admin","Admin",0,"5a8a1b7dbf797d3a34f5030f"
"2018-02-19T00:34:05.702Z","2018-02-19T00:34:05.702Z","5a8a1b7dbf797d3a34f50310","5a1e148074e45239e055feb9","5a83ab66e4517c3f08de952f","5a83ab65e4517c3f08de943d","5a83ab67e4517c3f08de95d3","T.V.A. récupérable/Electricité","445220",6428240,0,"Admin","Admin",0,"5a8a1b7dbf797d3a34f50310"
"2018-02-19T00:34:05.703Z","2018-02-19T00:34:05.703Z","5a8a1b7dbf797d3a34f50311","5a1e148074e45239e055feb9","5a83ab66e4517c3f08de952f","5a83ab65e4517c3f08de943d","5a83ab67e4517c3f08de95d3","T.V.A. récup./Tél. Fax. Roaming","445400",3458980,0,"Admin","Admin",0,"5a8a1b7dbf797d3a34f50311"
"2018-02-19T00:34:05.703Z","2018-02-19T00:34:05.703Z","5a8a1b7dbf797d3a34f50312","5a1e148074e45239e055feb9","5a83ab66e4517c3f08de9545","5a83ab65e4517c3f08de94e6","5a83ab67e4517c3f08de95d6","Etat, IRPP à Payer","447200",0,99818271,"Admin","Admin",0,"5a8a1b7dbf797d3a34f50312"
"2018-02-19T00:34:05.703Z","2018-02-19T00:34:05.703Z","5a8a1b7dbf797d3a34f50313","5a1e148074e45239e055feb9","5a83ab66e4517c3f08de9545","5a83ab65e4517c3f08de94e6","5a83ab67e4517c3f08de95d6","Etat, TCS à Payer","447300",0,449808,"Admin","Admin",0,"5a8a1b7dbf797d3a34f50313"
"2018-02-19T00:34:05.703Z","2018-02-19T00:34:05.703Z","5a8a1b7dbf797d3a34f50314","5a1e148074e45239e055feb9","5a83ab66e4517c3f08de9547","5a83ab65e4517c3f08de94ef","5a83ab67e4517c3f08de95d6","Organismes Intern., Subv. à Recevoi","47125820",0,9032521,"Admin","Admin",0,"5a8a1b7dbf797d3a34f50314"
"2018-02-19T00:34:05.703Z","2018-02-19T00:34:05.703Z","5a8a1b7dbf797d3a34f50315","5a1e148074e45239e055feb9","5a83ab66e4517c3f08de952f","5a83ab65e4517c3f08de943b","5a83ab67e4517c3f08de95d3","C/C Bénin","462100",126651473,0,"Admin","Admin",0,"5a8a1b7dbf797d3a34f50315"
"2018-02-19T00:34:05.703Z","2018-02-19T00:34:05.703Z","5a8a1b7dbf797d3a34f50316","5a1e148074e45239e055feb9","5a83ab66e4517c3f08de952f","5a83ab65e4517c3f08de943b","5a83ab67e4517c3f08de95d3","C/C Burkina","462200",218309985,0,"Admin","Admin",0,"5a8a1b7dbf797d3a34f50316"
"2018-02-19T00:34:05.703Z","2018-02-19T00:34:05.703Z","5a8a1b7dbf797d3a34f50317","5a1e148074e45239e055feb9","5a83ab66e4517c3f08de952f","5a83ab65e4517c3f08de943b","5a83ab67e4517c3f08de95d3","C/C Caméroun","462300",374231552,0,"Admin","Admin",0,"5a8a1b7dbf797d3a34f50317"
"2018-02-19T00:34:05.703Z","2018-02-19T00:34:05.703Z","5a8a1b7dbf797d3a34f50318","5a1e148074e45239e055feb9","5a83ab66e4517c3f08de952f","5a83ab65e4517c3f08de943b","5a83ab67e4517c3f08de95d3","C/C Centrafrique","462400",386937699,0,"Admin","Admin",0,"5a8a1b7dbf797d3a34f50318"
"2018-02-19T00:34:05.703Z","2018-02-19T00:34:05.703Z","5a8a1b7dbf797d3a34f50319","5a1e148074e45239e055feb9","5a83ab66e4517c3f08de952f","5a83ab65e4517c3f08de943b","5a83ab67e4517c3f08de95d3","C/C Cote d'Ivoire","462500",155424458,0,"Admin","Admin",0,"5a8a1b7dbf797d3a34f50319"
"2018-02-19T00:34:05.704Z","2018-02-19T00:34:05.704Z","5a8a1b7dbf797d3a34f5031a","5a1e148074e45239e055feb9","5a83ab66e4517c3f08de952f","5a83ab65e4517c3f08de943b","5a83ab67e4517c3f08de95d3","C/C Gabon","462600",187524500,0,"Admin","Admin",0,"5a8a1b7dbf797d3a34f5031a"
"2018-02-19T00:34:05.704Z","2018-02-19T00:34:05.704Z","5a8a1b7dbf797d3a34f5031b","5a1e148074e45239e055feb9","5a83ab66e4517c3f08de952f","5a83ab65e4517c3f08de943b","5a83ab67e4517c3f08de95d3","C/C Niger","462700",410401210,0,"Admin","Admin",0,"5a8a1b7dbf797d3a34f5031b"
"2018-02-19T00:34:05.704Z","2018-02-19T00:34:05.704Z","5a8a1b7dbf797d3a34f5031c","5a1e148074e45239e055feb9","5a83ab66e4517c3f08de952f","5a83ab65e4517c3f08de943b","5a83ab67e4517c3f08de95d3","C/C Togo","462800",131548751,0,"Admin","Admin",0,"5a8a1b7dbf797d3a34f5031c"
"2018-02-19T00:34:05.704Z","2018-02-19T00:34:05.704Z","5a8a1b7dbf797d3a34f5031d","5a1e148074e45239e055feb9","5a83ab66e4517c3f08de952f","5a83ab65e4517c3f08de943b","5a83ab67e4517c3f08de95d3","C/C Sénégal","462850",128440725,0,"Admin","Admin",0,"5a8a1b7dbf797d3a34f5031d"
"2018-02-19T00:34:05.704Z","2018-02-19T00:34:05.704Z","5a8a1b7dbf797d3a34f5031e","5a1e148074e45239e055feb9","5a83ab66e4517c3f08de952f","5a83ab65e4517c3f08de943b","5a83ab67e4517c3f08de95d3","C/C Guinée Equatoriale","462860",44199806,0,"Admin","Admin",0,"5a8a1b7dbf797d3a34f5031e"
"2018-02-19T00:34:05.704Z","2018-02-19T00:34:05.704Z","5a8a1b7dbf797d3a34f5031f","5a1e148074e45239e055feb9","5a83ab66e4517c3f08de952f","5a83ab65e4517c3f08de943b","5a83ab67e4517c3f08de95d3","C/C Mali","462870",90588940,0,"Admin","Admin",0,"5a8a1b7dbf797d3a34f5031f"
"2018-02-19T00:34:05.705Z","2018-02-19T00:34:05.705Z","5a8a1b7dbf797d3a34f50320","5a1e148074e45239e055feb9","5a83ab66e4517c3f08de952f","5a83ab65e4517c3f08de943b","5a83ab67e4517c3f08de95d3","C/C Congo Brazzaville","462880",49996575,0,"Admin","Admin",0,"5a8a1b7dbf797d3a34f50320"
"2018-02-19T00:34:05.705Z","2018-02-19T00:34:05.705Z","5a8a1b7dbf797d3a34f50321","5a1e148074e45239e055feb9","5a83ab66e4517c3f08de952f","5a83ab65e4517c3f08de943b","5a83ab67e4517c3f08de95d3","C/C Tchad","462890",34155070,0,"Admin","Admin",0,"5a8a1b7dbf797d3a34f50321"
"2018-02-19T00:34:05.705Z","2018-02-19T00:34:05.705Z","5a8a1b7dbf797d3a34f50322","5a1e148074e45239e055feb9","5a83ab66e4517c3f08de952f","5a83ab65e4517c3f08de9445","5a83ab67e4517c3f08de95d3","Débiteurs Divers","471100",5275208,0,"Admin","Admin",0,"5a8a1b7dbf797d3a34f50322"
"2018-02-19T00:34:05.705Z","2018-02-19T00:34:05.705Z","5a8a1b7dbf797d3a34f50323","5a1e148074e45239e055feb9","5a83ab66e4517c3f08de9547","5a83ab65e4517c3f08de94ef","5a83ab67e4517c3f08de95d6","Créditeurs Divers","471200",0,10000,"Admin","Admin",0,"5a8a1b7dbf797d3a34f50323"
"2018-02-19T00:34:05.705Z","2018-02-19T00:34:05.705Z","5a8a1b7dbf797d3a34f50324","5a1e148074e45239e055feb9","5a83ab66e4517c3f08de9547","5a83ab65e4517c3f08de94ef","5a83ab67e4517c3f08de95d6","Différence/caisse à régul","471210",0,157565,"Admin","Admin",0,"5a8a1b7dbf797d3a34f50324"
"2018-02-19T00:34:05.705Z","2018-02-19T00:34:05.705Z","5a8a1b7dbf797d3a34f50325","5a1e148074e45239e055feb9","5a83ab66e4517c3f08de952f","5a83ab65e4517c3f08de9440","5a83ab67e4517c3f08de95d3","Location villa","476622850",4320000,0,"Admin","Admin",0,"5a8a1b7dbf797d3a34f50325"
"2018-02-19T00:34:05.705Z","2018-02-19T00:34:05.705Z","5a8a1b7dbf797d3a34f50326","5a1e148074e45239e055feb9","5a83ab66e4517c3f08de9547","5a83ab65e4517c3f08de94ee","5a83ab67e4517c3f08de95d6","Frais d'Inscription","477706130",0,2050000,"Admin","Admin",0,"5a8a1b7dbf797d3a34f50326"
"2018-02-19T00:34:05.705Z","2018-02-19T00:34:05.705Z","5a8a1b7dbf797d3a34f50327","5a1e148074e45239e055feb9","5a83ab66e4517c3f08de9542","5a83ab65e4517c3f08de94d9","5a83ab67e4517c3f08de95d6","Fournisseurs Invest","481200",0,26865524,"Admin","Admin",0,"5a8a1b7dbf797d3a34f50327"
"2018-02-19T00:34:05.705Z","2018-02-19T00:34:05.705Z","5a8a1b7dbf797d3a34f50328","5a1e148074e45239e055feb9","5a83ab66e4517c3f08de952e","5a83ab65e4517c3f08de9497","5a83ab67e4517c3f08de95d3","Dépréciations des comptes","491100",0,13450000,"Admin","Admin",0,"5a8a1b7dbf797d3a34f50328"
"2018-02-19T00:34:05.707Z","2018-02-19T00:34:05.707Z","5a8a1b7dbf797d3a34f50329","5a1e148074e45239e055feb9","5a83ab66e4517c3f08de9532","5a83ab65e4517c3f08de9472","5a83ab67e4517c3f08de95d3","BIA-TG C/C","521240",1094814,0,"Admin","Admin",0,"5a8a1b7dbf797d3a34f50329"
"2018-02-19T00:34:05.707Z","2018-02-19T00:34:05.707Z","5a8a1b7dbf797d3a34f5032a","5a1e148074e45239e055feb9","5a83ab66e4517c3f08de9532","5a83ab65e4517c3f08de9472","5a83ab67e4517c3f08de95d3","ECOBANK-TG (POLE D'EXCELLENCE)","521260",4075609,0,"Admin","Admin",0,"5a8a1b7dbf797d3a34f5032a"
"2018-02-19T00:34:05.707Z","2018-02-19T00:34:05.707Z","5a8a1b7dbf797d3a34f5032b","5a1e148074e45239e055feb9","5a83ab66e4517c3f08de9532","5a83ab65e4517c3f08de9472","5a83ab67e4517c3f08de95d3","BANK OF AFRICA (BOA) COTONOU","522200",1657475,0,"Admin","Admin",0,"5a8a1b7dbf797d3a34f5032b"
"2018-02-19T00:34:05.707Z","2018-02-19T00:34:05.707Z","5a8a1b7dbf797d3a34f5032c","5a1e148074e45239e055feb9","5a83ab66e4517c3f08de9532","5a83ab65e4517c3f08de9475","5a83ab67e4517c3f08de95d3","Caisse Revenus","570100",28258116,0,"Admin","Admin",0,"5a8a1b7dbf797d3a34f5032c"
"2018-02-19T00:34:05.707Z","2018-02-19T00:34:05.707Z","5a8a1b7dbf797d3a34f5032d","5a1e148074e45239e055feb9","5a83ab66e4517c3f08de9532","5a83ab65e4517c3f08de9475","5a83ab67e4517c3f08de95d3","Caisse menue dépenses","570300",2000,0,"Admin","Admin",0,"5a8a1b7dbf797d3a34f5032d"
"2018-02-19T00:34:05.708Z","2018-02-19T00:34:05.708Z","5a8a1b7dbf797d3a34f5032e","5a1e148074e45239e055feb9","5a83ab66e4517c3f08de9551","5a83ab65e4517c3f08de94ae","5a83ab67e4517c3f08de95d4","Linge, Vêt & Produit Entret","604300",964205,0,"Admin","Admin",0,"5a8a1b7dbf797d3a34f5032e"
"2018-02-19T00:34:05.708Z","2018-02-19T00:34:05.708Z","5a8a1b7dbf797d3a34f5032f","5a1e148074e45239e055feb9","5a83ab66e4517c3f08de9551","5a83ab65e4517c3f08de94ae","5a83ab67e4517c3f08de95d4","Fournitures de Bureau","604710",4780067,0,"Admin","Admin",0,"5a8a1b7dbf797d3a34f5032f"
"2018-02-19T00:34:05.708Z","2018-02-19T00:34:05.708Z","5a8a1b7dbf797d3a34f50330","5a1e148074e45239e055feb9","5a83ab66e4517c3f08de9551","5a83ab65e4517c3f08de94ae","5a83ab67e4517c3f08de95d4","Fournitures Informatiques","604720",2222293,0,"Admin","Admin",0,"5a8a1b7dbf797d3a34f50330"
"2018-02-19T00:34:05.708Z","2018-02-19T00:34:05.708Z","5a8a1b7dbf797d3a34f50331","5a1e148074e45239e055feb9","5a83ab66e4517c3f08de9551","5a83ab65e4517c3f08de94af","5a83ab67e4517c3f08de95d4","Eau-Cité","605110",2885230,0,"Admin","Admin",0,"5a8a1b7dbf797d3a34f50331"
"2018-02-19T00:34:05.708Z","2018-02-19T00:34:05.708Z","5a8a1b7dbf797d3a34f50332","5a1e148074e45239e055feb9","5a83ab66e4517c3f08de9551","5a83ab65e4517c3f08de94af","5a83ab67e4517c3f08de95d4","Eau-Direction","605120",171085,0,"Admin","Admin",0,"5a8a1b7dbf797d3a34f50332"
"2018-02-19T00:34:05.708Z","2018-02-19T00:34:05.708Z","5a8a1b7dbf797d3a34f50333","5a1e148074e45239e055feb9","5a83ab66e4517c3f08de9551","5a83ab65e4517c3f08de94af","5a83ab67e4517c3f08de95d4","Eau Villa Etudiant","605130",397880,0,"Admin","Admin",0,"5a8a1b7dbf797d3a34f50333"
"2018-02-19T00:34:05.708Z","2018-02-19T00:34:05.708Z","5a8a1b7dbf797d3a34f50334","5a1e148074e45239e055feb9","5a83ab66e4517c3f08de9551","5a83ab65e4517c3f08de94af","5a83ab67e4517c3f08de95d4","Electricité-Cité","605210",9068279,0,"Admin","Admin",0,"5a8a1b7dbf797d3a34f50334"
"2018-02-19T00:34:05.708Z","2018-02-19T00:34:05.708Z","5a8a1b7dbf797d3a34f50335","5a1e148074e45239e055feb9","5a83ab66e4517c3f08de9551","5a83ab65e4517c3f08de94af","5a83ab67e4517c3f08de95d4","Electricité Direction","605220",3979251,0,"Admin","Admin",0,"5a8a1b7dbf797d3a34f50335"
"2018-02-19T00:34:05.708Z","2018-02-19T00:34:05.708Z","5a8a1b7dbf797d3a34f50336","5a1e148074e45239e055feb9","5a83ab66e4517c3f08de9551","5a83ab65e4517c3f08de94af","5a83ab67e4517c3f08de95d4","Electricité Villa Etudiant","605230",900292,0,"Admin","Admin",0,"5a8a1b7dbf797d3a34f50336"
"2018-02-19T00:34:05.708Z","2018-02-19T00:34:05.708Z","5a8a1b7dbf797d3a34f50337","5a1e148074e45239e055feb9","5a83ab66e4517c3f08de9551","5a83ab65e4517c3f08de94af","5a83ab67e4517c3f08de95d4","Electricité Villa EAMAU","605240",303339,0,"Admin","Admin",0,"5a8a1b7dbf797d3a34f50337"
"2018-02-19T00:34:05.709Z","2018-02-19T00:34:05.709Z","5a8a1b7dbf797d3a34f50338","5a1e148074e45239e055feb9","5a83ab66e4517c3f08de9551","5a83ab65e4517c3f08de94af","5a83ab67e4517c3f08de95d4","Carburant & Lubrifiant","605300",9137120,0,"Admin","Admin",0,"5a8a1b7dbf797d3a34f50338"
"2018-02-19T00:34:05.709Z","2018-02-19T00:34:05.709Z","5a8a1b7dbf797d3a34f50339","5a1e148074e45239e055feb9","5a83ab66e4517c3f08de9551","5a83ab65e4517c3f08de94af","5a83ab67e4517c3f08de95d4","Manuels & Fourn. Scol. & Péd.","605500",471595,0,"Admin","Admin",0,"5a8a1b7dbf797d3a34f50339"
"2018-02-19T00:34:05.709Z","2018-02-19T00:34:05.709Z","5a8a1b7dbf797d3a34f5033a","5a1e148074e45239e055feb9","5a83ab66e4517c3f08de9553","5a83ab65e4517c3f08de94b2","5a83ab67e4517c3f08de95d4","Frais Transport Personnel","614100",725440,0,"Admin","Admin",0,"5a8a1b7dbf797d3a34f5033a"
"2018-02-19T00:34:05.709Z","2018-02-19T00:34:05.709Z","5a8a1b7dbf797d3a34f5033b","5a1e148074e45239e055feb9","5a83ab66e4517c3f08de9553","5a83ab65e4517c3f08de94b2","5a83ab67e4517c3f08de95d4","Transport de plis : EMS, DHL","616200",1992381,0,"Admin","Admin",0,"5a8a1b7dbf797d3a34f5033b"
"2018-02-19T00:34:05.709Z","2018-02-19T00:34:05.709Z","5a8a1b7dbf797d3a34f5033c","5a1e148074e45239e055feb9","5a83ab66e4517c3f08de9553","5a83ab65e4517c3f08de94b2","5a83ab67e4517c3f08de95d4","Transp/Miss-Etud. Enseign","618110",661000,0,"Admin","Admin",0,"5a8a1b7dbf797d3a34f5033c"
"2018-02-19T00:34:05.709Z","2018-02-19T00:34:05.709Z","5a8a1b7dbf797d3a34f5033d","5a1e148074e45239e055feb9","5a83ab66e4517c3f08de9553","5a83ab65e4517c3f08de94b2","5a83ab67e4517c3f08de95d4","Transp/Miss-Pers Admi","618120",15516460,0,"Admin","Admin",0,"5a8a1b7dbf797d3a34f5033d"
"2018-02-19T00:34:05.709Z","2018-02-19T00:34:05.709Z","5a8a1b7dbf797d3a34f5033e","5a1e148074e45239e055feb9","5a83ab66e4517c3f08de9553","5a83ab65e4517c3f08de94b2","5a83ab67e4517c3f08de95d4","Transp/Pers Expat., Admi, Expert","618300",22462726,0,"Admin","Admin",0,"5a8a1b7dbf797d3a34f5033e"
"2018-02-19T00:34:05.709Z","2018-02-19T00:34:05.709Z","5a8a1b7dbf797d3a34f5033f","5a1e148074e45239e055feb9","5a83ab66e4517c3f08de9554","5a83ab65e4517c3f08de94b3","5a83ab67e4517c3f08de95d4","Locat & Charges Locat Diver","622600",14092596,0,"Admin","Admin",0,"5a8a1b7dbf797d3a34f5033f"
"2018-02-19T00:34:05.709Z","2018-02-19T00:34:05.709Z","5a8a1b7dbf797d3a34f50340","5a1e148074e45239e055feb9","5a83ab66e4517c3f08de9554","5a83ab65e4517c3f08de94b3","5a83ab67e4517c3f08de95d4","Location Matériel","622700",3246497,0,"Admin","Admin",0,"5a8a1b7dbf797d3a34f50340"
"2018-02-19T00:34:05.709Z","2018-02-19T00:34:05.709Z","5a8a1b7dbf797d3a34f50341","5a1e148074e45239e055feb9","5a83ab66e4517c3f08de9554","5a83ab65e4517c3f08de94b3","5a83ab67e4517c3f08de95d4","Autres Charges Locatives","622800",4438963,0,"Admin","Admin",0,"5a8a1b7dbf797d3a34f50341"
"2018-02-19T00:34:05.710Z","2018-02-19T00:34:05.710Z","5a8a1b7dbf797d3a34f50342","5a1e148074e45239e055feb9","5a83ab66e4517c3f08de9554","5a83ab65e4517c3f08de94b3","5a83ab67e4517c3f08de95d4","Locations Villa","622850",2900000,0,"Admin","Admin",0,"5a8a1b7dbf797d3a34f50342"
"2018-02-19T00:34:05.710Z","2018-02-19T00:34:05.710Z","5a8a1b7dbf797d3a34f50343","5a1e148074e45239e055feb9","5a83ab66e4517c3f08de9554","5a83ab65e4517c3f08de94b3","5a83ab67e4517c3f08de95d4","Entret. & Répar. Biens Immob.","624100",9714645,0,"Admin","Admin",0,"5a8a1b7dbf797d3a34f50343"
"2018-02-19T00:34:05.710Z","2018-02-19T00:34:05.710Z","5a8a1b7dbf797d3a34f50344","5a1e148074e45239e055feb9","5a83ab66e4517c3f08de9554","5a83ab65e4517c3f08de94b3","5a83ab67e4517c3f08de95d4","Entret. & Répart. Mobil. Bureau","624200",15000,0,"Admin","Admin",0,"5a8a1b7dbf797d3a34f50344"
"2018-02-19T00:34:05.710Z","2018-02-19T00:34:05.710Z","5a8a1b7dbf797d3a34f50345","5a1e148074e45239e055feb9","5a83ab66e4517c3f08de9554","5a83ab65e4517c3f08de94b3","5a83ab67e4517c3f08de95d4","Entret. & Répar. Mob de Loge","624300",240000,0,"Admin","Admin",0,"5a8a1b7dbf797d3a34f50345"
"2018-02-19T00:34:05.710Z","2018-02-19T00:34:05.710Z","5a8a1b7dbf797d3a34f50346","5a1e148074e45239e055feb9","5a83ab66e4517c3f08de9554","5a83ab65e4517c3f08de94b3","5a83ab67e4517c3f08de95d4","Entret.  & Répar. Mat Bureau","624810",722431,0,"Admin","Admin",0,"5a8a1b7dbf797d3a34f50346"
"2018-02-19T00:34:05.710Z","2018-02-19T00:34:05.710Z","5a8a1b7dbf797d3a34f50347","5a1e148074e45239e055feb9","5a83ab66e4517c3f08de9554","5a83ab65e4517c3f08de94b3","5a83ab67e4517c3f08de95d4","Entret. & Réparat. Mat Informa","624820",1373250,0,"Admin","Admin",0,"5a8a1b7dbf797d3a34f50347"
"2018-02-19T00:34:05.710Z","2018-02-19T00:34:05.710Z","5a8a1b7dbf797d3a34f50348","5a1e148074e45239e055feb9","5a83ab66e4517c3f08de9554","5a83ab65e4517c3f08de94b3","5a83ab67e4517c3f08de95d4","Entretien Logiciel","624825",6000000,0,"Admin","Admin",0,"5a8a1b7dbf797d3a34f50348"
"2018-02-19T00:34:05.710Z","2018-02-19T00:34:05.710Z","5a8a1b7dbf797d3a34f50349","5a1e148074e45239e055feb9","5a83ab66e4517c3f08de9554","5a83ab65e4517c3f08de94b3","5a83ab67e4517c3f08de95d4","Entret. & Réparat. Mat Pédag","624830",30000,0,"Admin","Admin",0,"5a8a1b7dbf797d3a34f50349"
"2018-02-19T00:34:05.711Z","2018-02-19T00:34:05.711Z","5a8a1b7dbf797d3a34f5034a","5a1e148074e45239e055feb9","5a83ab66e4517c3f08de9554","5a83ab65e4517c3f08de94b3","5a83ab67e4517c3f08de95d4","Entret. & Répar. Mat Transp","624850",7878781,0,"Admin","Admin",0,"5a8a1b7dbf797d3a34f5034a"
"2018-02-19T00:34:05.711Z","2018-02-19T00:34:05.711Z","5a8a1b7dbf797d3a34f5034b","5a1e148074e45239e055feb9","5a83ab66e4517c3f08de9554","5a83ab65e4517c3f08de94b3","5a83ab67e4517c3f08de95d4","Entret. & Répar. Climatiseur","624860",890130,0,"Admin","Admin",0,"5a8a1b7dbf797d3a34f5034b"
"2018-02-19T00:34:05.711Z","2018-02-19T00:34:05.711Z","5a8a1b7dbf797d3a34f5034c","5a1e148074e45239e055feb9","5a83ab66e4517c3f08de9554","5a83ab65e4517c3f08de94b3","5a83ab67e4517c3f08de95d4","Entret & Rép. Mat Bureautique","624870",314745,0,"Admin","Admin",0,"5a8a1b7dbf797d3a34f5034c"
"2018-02-19T00:34:05.711Z","2018-02-19T00:34:05.711Z","5a8a1b7dbf797d3a34f5034d","5a1e148074e45239e055feb9","5a83ab66e4517c3f08de9554","5a83ab65e4517c3f08de94b3","5a83ab67e4517c3f08de95d4","Assur Matériel de Transport","625200",396480,0,"Admin","Admin",0,"5a8a1b7dbf797d3a34f5034d"
"2018-02-19T00:34:05.711Z","2018-02-19T00:34:05.711Z","5a8a1b7dbf797d3a34f5034e","5a1e148074e45239e055feb9","5a83ab66e4517c3f08de9554","5a83ab65e4517c3f08de94b3","5a83ab67e4517c3f08de95d4","Aut Primes d'Assurances","625800",3400110,0,"Admin","Admin",0,"5a8a1b7dbf797d3a34f5034e"
"2018-02-19T00:34:05.711Z","2018-02-19T00:34:05.711Z","5a8a1b7dbf797d3a34f5034f","5a1e148074e45239e055feb9","5a83ab66e4517c3f08de9554","5a83ab65e4517c3f08de94b3","5a83ab67e4517c3f08de95d4","Documentation Générale","626500",4233088,0,"Admin","Admin",0,"5a8a1b7dbf797d3a34f5034f"
"2018-02-19T00:34:05.711Z","2018-02-19T00:34:05.711Z","5a8a1b7dbf797d3a34f50350","5a1e148074e45239e055feb9","5a83ab66e4517c3f08de9554","5a83ab65e4517c3f08de94b3","5a83ab67e4517c3f08de95d4","Documentation Technique","626600",300000,0,"Admin","Admin",0,"5a8a1b7dbf797d3a34f50350"
"2018-02-19T00:34:05.711Z","2018-02-19T00:34:05.711Z","5a8a1b7dbf797d3a34f50351","5a1e148074e45239e055feb9","5a83ab66e4517c3f08de9554","5a83ab65e4517c3f08de94b3","5a83ab67e4517c3f08de95d4","Avis & Annonces","627100",378000,0,"Admin","Admin",0,"5a8a1b7dbf797d3a34f50351"
"2018-02-19T00:34:05.711Z","2018-02-19T00:34:05.711Z","5a8a1b7dbf797d3a34f50352","5a1e148074e45239e055feb9","5a83ab66e4517c3f08de9554","5a83ab65e4517c3f08de94b3","5a83ab67e4517c3f08de95d4","Imprimés publicitaires","627200",1815000,0,"Admin","Admin",0,"5a8a1b7dbf797d3a34f50352"
"2018-02-19T00:34:05.711Z","2018-02-19T00:34:05.711Z","5a8a1b7dbf797d3a34f50353","5a1e148074e45239e055feb9","5a83ab66e4517c3f08de9554","5a83ab65e4517c3f08de94b3","5a83ab67e4517c3f08de95d4","Frais de Réception, Direction","627700",14321715,0,"Admin","Admin",0,"5a8a1b7dbf797d3a34f50353"
"2018-02-19T00:34:05.712Z","2018-02-19T00:34:05.712Z","5a8a1b7dbf797d3a34f50354","5a1e148074e45239e055feb9","5a83ab66e4517c3f08de9554","5a83ab65e4517c3f08de94b3","5a83ab67e4517c3f08de95d4","Aut charges pub. & relat. pub","627800",10415200,0,"Admin","Admin",0,"5a8a1b7dbf797d3a34f50354"
"2018-02-19T00:34:05.712Z","2018-02-19T00:34:05.712Z","5a8a1b7dbf797d3a34f50355","5a1e148074e45239e055feb9","5a83ab66e4517c3f08de9554","5a83ab65e4517c3f08de94b3","5a83ab67e4517c3f08de95d4","Frais de téléphone","628100",7973941,0,"Admin","Admin",0,"5a8a1b7dbf797d3a34f50355"
"2018-02-19T00:34:05.712Z","2018-02-19T00:34:05.712Z","5a8a1b7dbf797d3a34f50356","5a1e148074e45239e055feb9","5a83ab66e4517c3f08de9554","5a83ab65e4517c3f08de94b3","5a83ab67e4517c3f08de95d4","Frais de télécopie(Fax)","628300",1601810,0,"Admin","Admin",0,"5a8a1b7dbf797d3a34f50356"
"2018-02-19T00:34:05.712Z","2018-02-19T00:34:05.712Z","5a8a1b7dbf797d3a34f50357","5a1e148074e45239e055feb9","5a83ab66e4517c3f08de9554","5a83ab65e4517c3f08de94b3","5a83ab67e4517c3f08de95d4","Achats Timbres Poste(Affranchis)","628400",192150,0,"Admin","Admin",0,"5a8a1b7dbf797d3a34f50357"
"2018-02-19T00:34:05.712Z","2018-02-19T00:34:05.712Z","5a8a1b7dbf797d3a34f50358","5a1e148074e45239e055feb9","5a83ab66e4517c3f08de9554","5a83ab65e4517c3f08de94b3","5a83ab67e4517c3f08de95d4","Autres frais télecom","628800",3146480,0,"Admin","Admin",0,"5a8a1b7dbf797d3a34f50358"
"2018-02-19T00:34:05.712Z","2018-02-19T00:34:05.712Z","5a8a1b7dbf797d3a34f50359","5a1e148074e45239e055feb9","5a83ab66e4517c3f08de9554","5a83ab65e4517c3f08de94b4","5a83ab67e4517c3f08de95d4","Frais Opérations Bancaires","631000",1118961,0,"Admin","Admin",0,"5a8a1b7dbf797d3a34f50359"
"2018-02-19T00:34:05.712Z","2018-02-19T00:34:05.712Z","5a8a1b7dbf797d3a34f5035a","5a1e148074e45239e055feb9","5a83ab66e4517c3f08de9554","5a83ab65e4517c3f08de94b4","5a83ab67e4517c3f08de95d4","Honoraires Consultants","632400",4860000,0,"Admin","Admin",0,"5a8a1b7dbf797d3a34f5035a"
"2018-02-19T00:34:05.712Z","2018-02-19T00:34:05.712Z","5a8a1b7dbf797d3a34f5035b","5a1e148074e45239e055feb9","5a83ab66e4517c3f08de9554","5a83ab65e4517c3f08de94b4","5a83ab67e4517c3f08de95d4","Divers frais(réuin, conseil stat)","632800",42870300,0,"Admin","Admin",0,"5a8a1b7dbf797d3a34f5035b"
"2018-02-19T00:34:05.712Z","2018-02-19T00:34:05.712Z","5a8a1b7dbf797d3a34f5035c","5a1e148074e45239e055feb9","5a83ab66e4517c3f08de9554","5a83ab65e4517c3f08de94b4","5a83ab67e4517c3f08de95d4","Rémunér.:Interm, Trav Etudes","632900",24130460,0,"Admin","Admin",0,"5a8a1b7dbf797d3a34f5035c"
"2018-02-19T00:34:05.712Z","2018-02-19T00:34:05.712Z","5a8a1b7dbf797d3a34f5035d","5a1e148074e45239e055feb9","5a83ab66e4517c3f08de9554","5a83ab65e4517c3f08de94b4","5a83ab67e4517c3f08de95d4","Frais de Formation Personnel","633100",580000,0,"Admin","Admin",0,"5a8a1b7dbf797d3a34f5035d"
"2018-02-19T00:34:05.713Z","2018-02-19T00:34:05.713Z","5a8a1b7dbf797d3a34f5035e","5a1e148074e45239e055feb9","5a83ab66e4517c3f08de9554","5a83ab65e4517c3f08de94b4","5a83ab67e4517c3f08de95d4","Réception : Sémin. Colloq. Atelier","638300",1551000,0,"Admin","Admin",0,"5a8a1b7dbf797d3a34f5035e"
"2018-02-19T00:34:05.713Z","2018-02-19T00:34:05.713Z","5a8a1b7dbf797d3a34f5035f","5a1e148074e45239e055feb9","5a83ab66e4517c3f08de9554","5a83ab65e4517c3f08de94b4","5a83ab67e4517c3f08de95d4","Réception : Frais Souten. Diplome","638320",10595845,0,"Admin","Admin",0,"5a8a1b7dbf797d3a34f5035f"
"2018-02-19T00:34:05.713Z","2018-02-19T00:34:05.713Z","5a8a1b7dbf797d3a34f50360","5a1e148074e45239e055feb9","5a83ab66e4517c3f08de9554","5a83ab65e4517c3f08de94b4","5a83ab67e4517c3f08de95d4","Mission : Perdiem Personnel EAMAU","638410",23064266,0,"Admin","Admin",0,"5a8a1b7dbf797d3a34f50360"
"2018-02-19T00:34:05.713Z","2018-02-19T00:34:05.713Z","5a8a1b7dbf797d3a34f50361","5a1e148074e45239e055feb9","5a83ab66e4517c3f08de9554","5a83ab65e4517c3f08de94b4","5a83ab67e4517c3f08de95d4","Mission : Perdiem Admistrateur, Exp","638420",650000,0,"Admin","Admin",0,"5a8a1b7dbf797d3a34f50361"
"2018-02-19T00:34:05.713Z","2018-02-19T00:34:05.713Z","5a8a1b7dbf797d3a34f50362","5a1e148074e45239e055feb9","5a83ab66e4517c3f08de9554","5a83ab65e4517c3f08de94b4","5a83ab67e4517c3f08de95d4","Missions : Perdiem Etudiants","638430",439000,0,"Admin","Admin",0,"5a8a1b7dbf797d3a34f50362"
"2018-02-19T00:34:05.713Z","2018-02-19T00:34:05.713Z","5a8a1b7dbf797d3a34f50363","5a1e148074e45239e055feb9","5a83ab66e4517c3f08de9554","5a83ab65e4517c3f08de94b4","5a83ab67e4517c3f08de95d4","Missions Enseignant","638440",230000,0,"Admin","Admin",0,"5a8a1b7dbf797d3a34f50363"
"2018-02-19T00:34:05.713Z","2018-02-19T00:34:05.713Z","5a8a1b7dbf797d3a34f50364","5a1e148074e45239e055feb9","5a83ab66e4517c3f08de9554","5a83ab65e4517c3f08de94b4","5a83ab67e4517c3f08de95d4","Mission :Perdiem autres personnes","638450",117500,0,"Admin","Admin",0,"5a8a1b7dbf797d3a34f50364"
"2018-02-19T00:34:05.713Z","2018-02-19T00:34:05.713Z","5a8a1b7dbf797d3a34f50365","5a1e148074e45239e055feb9","5a83ab66e4517c3f08de9554","5a83ab65e4517c3f08de94b4","5a83ab67e4517c3f08de95d4","Frais de recouvrement","638600",4900000,0,"Admin","Admin",0,"5a8a1b7dbf797d3a34f50365"
"2018-02-19T00:34:05.713Z","2018-02-19T00:34:05.713Z","5a8a1b7dbf797d3a34f50366","5a1e148074e45239e055feb9","5a83ab66e4517c3f08de9555","5a83ab65e4517c3f08de94b5","5a83ab67e4517c3f08de95d4","Autres impots & taxes directs","641800",755100,0,"Admin","Admin",0,"5a8a1b7dbf797d3a34f50366"
"2018-02-19T00:34:05.713Z","2018-02-19T00:34:05.713Z","5a8a1b7dbf797d3a34f50367","5a1e148074e45239e055feb9","5a83ab66e4517c3f08de9556","5a83ab65e4517c3f08de94b6","5a83ab67e4517c3f08de95d4","Jetons prés & rémun. Adminis","658100",5000000,0,"Admin","Admin",0,"5a8a1b7dbf797d3a34f50367"
"2018-02-19T00:34:05.714Z","2018-02-19T00:34:05.714Z","5a8a1b7dbf797d3a34f50368","5a1e148074e45239e055feb9","5a83ab66e4517c3f08de9556","5a83ab65e4517c3f08de94b6","5a83ab67e4517c3f08de95d4","Subventions, Dons","658200",7781345,0,"Admin","Admin",0,"5a8a1b7dbf797d3a34f50368"
"2018-02-19T00:34:05.714Z","2018-02-19T00:34:05.714Z","5a8a1b7dbf797d3a34f50369","5a1e148074e45239e055feb9","5a83ab66e4517c3f08de9557","5a83ab65e4517c3f08de94a6","5a83ab67e4517c3f08de95d4","Appoint, Salaires & Commisn","661100",74594003,0,"Admin","Admin",0,"5a8a1b7dbf797d3a34f50369"
"2018-02-19T00:34:05.714Z","2018-02-19T00:34:05.714Z","5a8a1b7dbf797d3a34f5036a","5a1e148074e45239e055feb9","5a83ab66e4517c3f08de9557","5a83ab65e4517c3f08de94a6","5a83ab67e4517c3f08de95d4","Prime Spéciale de Fonction","661300",9435000,0,"Admin","Admin",0,"5a8a1b7dbf797d3a34f5036a"
"2018-02-19T00:34:05.714Z","2018-02-19T00:34:05.714Z","5a8a1b7dbf797d3a34f5036b","5a1e148074e45239e055feb9","5a83ab66e4517c3f08de9557","5a83ab65e4517c3f08de94a6","5a83ab67e4517c3f08de95d4","Allocations Familiales","661600",216000,0,"Admin","Admin",0,"5a8a1b7dbf797d3a34f5036b"
"2018-02-19T00:34:05.714Z","2018-02-19T00:34:05.714Z","5a8a1b7dbf797d3a34f5036c","5a1e148074e45239e055feb9","5a83ab66e4517c3f08de9557","5a83ab65e4517c3f08de94a6","5a83ab67e4517c3f08de95d4","Indemnité de transport","661800",5212000,0,"Admin","Admin",0,"5a8a1b7dbf797d3a34f5036c"
"2018-02-19T00:34:05.714Z","2018-02-19T00:34:05.714Z","5a8a1b7dbf797d3a34f5036d","5a1e148074e45239e055feb9","5a83ab66e4517c3f08de9557","5a83ab65e4517c3f08de94a6","5a83ab67e4517c3f08de95d4","Appoint, Salaire & Commis","662100",46849940,0,"Admin","Admin",0,"5a8a1b7dbf797d3a34f5036d"
"2018-02-19T00:34:05.714Z","2018-02-19T00:34:05.714Z","5a8a1b7dbf797d3a34f5036e","5a1e148074e45239e055feb9","5a83ab66e4517c3f08de9557","5a83ab65e4517c3f08de94a6","5a83ab67e4517c3f08de95d4","Prime Spéciale de Fonction","662300",7995000,0,"Admin","Admin",0,"5a8a1b7dbf797d3a34f5036e"
"2018-02-19T00:34:05.714Z","2018-02-19T00:34:05.714Z","5a8a1b7dbf797d3a34f5036f","5a1e148074e45239e055feb9","5a83ab66e4517c3f08de9557","5a83ab65e4517c3f08de94a6","5a83ab67e4517c3f08de95d4","Allocations Familiales","662600",312000,0,"Admin","Admin",0,"5a8a1b7dbf797d3a34f5036f"
"2018-02-19T00:34:05.714Z","2018-02-19T00:34:05.714Z","5a8a1b7dbf797d3a34f50370","5a1e148074e45239e055feb9","5a83ab66e4517c3f08de9557","5a83ab65e4517c3f08de94a6","5a83ab67e4517c3f08de95d4","Indemnité de transport","662800",1160000,0,"Admin","Admin",0,"5a8a1b7dbf797d3a34f50370"
"2018-02-19T00:34:05.714Z","2018-02-19T00:34:05.714Z","5a8a1b7dbf797d3a34f50371","5a1e148074e45239e055feb9","5a83ab66e4517c3f08de9557","5a83ab65e4517c3f08de94a6","5a83ab67e4517c3f08de95d4","Indemnité de Logement","663100",14815000,0,"Admin","Admin",0,"5a8a1b7dbf797d3a34f50371"
"2018-02-19T00:34:05.715Z","2018-02-19T00:34:05.715Z","5a8a1b7dbf797d3a34f50372","5a1e148074e45239e055feb9","5a83ab66e4517c3f08de9557","5a83ab65e4517c3f08de94a6","5a83ab67e4517c3f08de95d4","Indemnité de Caisse","663820",240000,0,"Admin","Admin",0,"5a8a1b7dbf797d3a34f50372"
"2018-02-19T00:34:05.715Z","2018-02-19T00:34:05.715Z","5a8a1b7dbf797d3a34f50373","5a1e148074e45239e055feb9","5a83ab66e4517c3f08de9557","5a83ab65e4517c3f08de94a6","5a83ab67e4517c3f08de95d4","Indemnité  Cessation de Service","663830",23677811,0,"Admin","Admin",0,"5a8a1b7dbf797d3a34f50373"
"2018-02-19T00:34:05.715Z","2018-02-19T00:34:05.715Z","5a8a1b7dbf797d3a34f50374","5a1e148074e45239e055feb9","5a83ab66e4517c3f08de9557","5a83ab65e4517c3f08de94a6","5a83ab67e4517c3f08de95d4","Indemnité de Résidence","663850",5511425,0,"Admin","Admin",0,"5a8a1b7dbf797d3a34f50374"
"2018-02-19T00:34:05.715Z","2018-02-19T00:34:05.715Z","5a8a1b7dbf797d3a34f50375","5a1e148074e45239e055feb9","5a83ab66e4517c3f08de9557","5a83ab65e4517c3f08de94a6","5a83ab67e4517c3f08de95d4","Prime Service Prolongé","663860",360000,0,"Admin","Admin",0,"5a8a1b7dbf797d3a34f50375"
"2018-02-19T00:34:05.715Z","2018-02-19T00:34:05.715Z","5a8a1b7dbf797d3a34f50376","5a1e148074e45239e055feb9","5a83ab66e4517c3f08de9557","5a83ab65e4517c3f08de94a6","5a83ab67e4517c3f08de95d4","Prime d'intérim","663870",230000,0,"Admin","Admin",0,"5a8a1b7dbf797d3a34f50376"
"2018-02-19T00:34:05.715Z","2018-02-19T00:34:05.715Z","5a8a1b7dbf797d3a34f50377","5a1e148074e45239e055feb9","5a83ab66e4517c3f08de9557","5a83ab65e4517c3f08de94a6","5a83ab67e4517c3f08de95d4","Indemnité de congé","663875",555808,0,"Admin","Admin",0,"5a8a1b7dbf797d3a34f50377"
"2018-02-19T00:34:05.715Z","2018-02-19T00:34:05.715Z","5a8a1b7dbf797d3a34f50378","5a1e148074e45239e055feb9","5a83ab66e4517c3f08de9557","5a83ab65e4517c3f08de94a6","5a83ab67e4517c3f08de95d4","Prime de responsabilité","663880",1217535,0,"Admin","Admin",0,"5a8a1b7dbf797d3a34f50378"
"2018-02-19T00:34:05.715Z","2018-02-19T00:34:05.715Z","5a8a1b7dbf797d3a34f50379","5a1e148074e45239e055feb9","5a83ab66e4517c3f08de9557","5a83ab65e4517c3f08de94a6","5a83ab67e4517c3f08de95d4","Indemnité de Logement","663910",7305000,0,"Admin","Admin",0,"5a8a1b7dbf797d3a34f50379"
"2018-02-19T00:34:05.715Z","2018-02-19T00:34:05.715Z","5a8a1b7dbf797d3a34f5037a","5a1e148074e45239e055feb9","5a83ab66e4517c3f08de9557","5a83ab65e4517c3f08de94a6","5a83ab67e4517c3f08de95d4","Indemnité de Représentation","663920",2747635,0,"Admin","Admin",0,"5a8a1b7dbf797d3a34f5037a"
"2018-02-19T00:34:05.715Z","2018-02-19T00:34:05.715Z","5a8a1b7dbf797d3a34f5037b","5a1e148074e45239e055feb9","5a83ab66e4517c3f08de9557","5a83ab65e4517c3f08de94a6","5a83ab67e4517c3f08de95d4","Indemnité d'Expatriation","663930",5505905,0,"Admin","Admin",0,"5a8a1b7dbf797d3a34f5037b"
"2018-02-19T00:34:05.715Z","2018-02-19T00:34:05.715Z","5a8a1b7dbf797d3a34f5037c","5a1e148074e45239e055feb9","5a83ab66e4517c3f08de9557","5a83ab65e4517c3f08de94a6","5a83ab67e4517c3f08de95d4","Indemnité de congé","663975",3772357,0,"Admin","Admin",0,"5a8a1b7dbf797d3a34f5037c"
"2018-02-19T00:34:05.716Z","2018-02-19T00:34:05.716Z","5a8a1b7dbf797d3a34f5037d","5a1e148074e45239e055feb9","5a83ab66e4517c3f08de9557","5a83ab65e4517c3f08de94a6","5a83ab67e4517c3f08de95d4","Indemnité Résidence","663980",3018843,0,"Admin","Admin",0,"5a8a1b7dbf797d3a34f5037d"
"2018-02-19T00:34:05.716Z","2018-02-19T00:34:05.716Z","5a8a1b7dbf797d3a34f5037e","5a1e148074e45239e055feb9","5a83ab66e4517c3f08de9557","5a83ab65e4517c3f08de94a6","5a83ab67e4517c3f08de95d4","Prime d'Audit","663990",2256913,0,"Admin","Admin",0,"5a8a1b7dbf797d3a34f5037e"
"2018-02-19T00:34:05.716Z","2018-02-19T00:34:05.716Z","5a8a1b7dbf797d3a34f5037f","5a1e148074e45239e055feb9","5a83ab66e4517c3f08de9557","5a83ab65e4517c3f08de94a6","5a83ab67e4517c3f08de95d4","Prime de coordination","663995",439440,0,"Admin","Admin",0,"5a8a1b7dbf797d3a34f5037f"
"2018-02-19T00:34:05.716Z","2018-02-19T00:34:05.716Z","5a8a1b7dbf797d3a34f50380","5a1e148074e45239e055feb9","5a83ab66e4517c3f08de9557","5a83ab65e4517c3f08de94a6","5a83ab67e4517c3f08de95d4","Charges Soc./rémun.,  national","664100",9104605,0,"Admin","Admin",0,"5a8a1b7dbf797d3a34f50380"
"2018-02-19T00:34:05.716Z","2018-02-19T00:34:05.716Z","5a8a1b7dbf797d3a34f50381","5a1e148074e45239e055feb9","5a83ab66e4517c3f08de9557","5a83ab65e4517c3f08de94a6","5a83ab67e4517c3f08de95d4","Charges Soc./rémun.,  non nati","664200",518319,0,"Admin","Admin",0,"5a8a1b7dbf797d3a34f50381"
"2018-02-19T00:34:05.716Z","2018-02-19T00:34:05.716Z","5a8a1b7dbf797d3a34f50382","5a1e148074e45239e055feb9","5a83ab66e4517c3f08de9557","5a83ab65e4517c3f08de94a6","5a83ab67e4517c3f08de95d4","Rém. Vacataires Missionnaire","667100",49613600,0,"Admin","Admin",0,"5a8a1b7dbf797d3a34f50382"
"2018-02-19T00:34:05.716Z","2018-02-19T00:34:05.716Z","5a8a1b7dbf797d3a34f50383","5a1e148074e45239e055feb9","5a83ab66e4517c3f08de9557","5a83ab65e4517c3f08de94a6","5a83ab67e4517c3f08de95d4","Indemnité de Prestations","667200",13428000,0,"Admin","Admin",0,"5a8a1b7dbf797d3a34f50383"
"2018-02-19T00:34:05.716Z","2018-02-19T00:34:05.716Z","5a8a1b7dbf797d3a34f50384","5a1e148074e45239e055feb9","5a83ab66e4517c3f08de9557","5a83ab65e4517c3f08de94a6","5a83ab67e4517c3f08de95d4","Remb. Frais Médic., Nationaux","668100",2339703,0,"Admin","Admin",0,"5a8a1b7dbf797d3a34f50384"
"2018-02-19T00:34:05.716Z","2018-02-19T00:34:05.716Z","5a8a1b7dbf797d3a34f50385","5a1e148074e45239e055feb9","5a83ab66e4517c3f08de9557","5a83ab65e4517c3f08de94a6","5a83ab67e4517c3f08de95d4","Remb. Frais Médic., Expatriés","668200",1513564,0,"Admin","Admin",0,"5a8a1b7dbf797d3a34f50385"
"2018-02-19T00:34:05.717Z","2018-02-19T00:34:05.717Z","5a8a1b7dbf797d3a34f50386","5a1e148074e45239e055feb9","5a83ab66e4517c3f08de9557","5a83ab65e4517c3f08de94a6","5a83ab67e4517c3f08de95d4","Remb. Frais Scol., Nationaux","668300",1814336,0,"Admin","Admin",0,"5a8a1b7dbf797d3a34f50386"
"2018-02-19T00:34:05.718Z","2018-02-19T00:34:05.718Z","5a8a1b7dbf797d3a34f50387","5a1e148074e45239e055feb9","5a83ab66e4517c3f08de9557","5a83ab65e4517c3f08de94a6","5a83ab67e4517c3f08de95d4","Remb. Frais Scol., Expatriés","668400",1101563,0,"Admin","Admin",0,"5a8a1b7dbf797d3a34f50387"
"2018-02-19T00:34:05.718Z","2018-02-19T00:34:05.718Z","5a8a1b7dbf797d3a34f50388","5a1e148074e45239e055feb9","5a83ab66e4517c3f08de9557","5a83ab65e4517c3f08de94a6","5a83ab67e4517c3f08de95d4","Produits Pharmaceutiques","668450",299000,0,"Admin","Admin",0,"5a8a1b7dbf797d3a34f50388"
"2018-02-19T00:34:05.718Z","2018-02-19T00:34:05.718Z","5a8a1b7dbf797d3a34f50389","5a1e148074e45239e055feb9","5a83ab66e4517c3f08de9557","5a83ab65e4517c3f08de94a6","5a83ab67e4517c3f08de95d4","Titres Transp. Statutaires","668500",1300000,0,"Admin","Admin",0,"5a8a1b7dbf797d3a34f50389"
"2018-02-19T00:34:05.718Z","2018-02-19T00:34:05.718Z","5a8a1b7dbf797d3a34f5038a","5a1e148074e45239e055feb9","5a83ab66e4517c3f08de9557","5a83ab65e4517c3f08de94a6","5a83ab67e4517c3f08de95d4","Autres Charges Sociales","668550",15718194,0,"Admin","Admin",0,"5a8a1b7dbf797d3a34f5038a"
"2018-02-19T00:34:05.718Z","2018-02-19T00:34:05.718Z","5a8a1b7dbf797d3a34f5038b","5a1e148074e45239e055feb9","5a83ab66e4517c3f08de9558","5a83ab65e4517c3f08de94b7","5a83ab67e4517c3f08de95d4","Dotat aux amorts. Immob. Corpor","681200",33102835,0,"Admin","Admin",0,"5a8a1b7dbf797d3a34f5038b"
"2018-02-19T00:34:05.718Z","2018-02-19T00:34:05.718Z","5a8a1b7dbf797d3a34f5038c","5a1e148074e45239e055feb9","5a83ab66e4517c3f08de9558","5a83ab65e4517c3f08de94b8","5a83ab67e4517c3f08de95d4","Provis  Risques & Charges","691100",12095680,0,"Admin","Admin",0,"5a8a1b7dbf797d3a34f5038c"
"2018-02-19T00:34:05.718Z","2018-02-19T00:34:05.718Z","5a8a1b7dbf797d3a34f5038d","5a1e148074e45239e055feb9","5a83ab66e4517c3f08de9563","5a83ab65e4517c3f08de94c0","5a83ab67e4517c3f08de95d7","Frais Scol:Etud Stat Privé","706110",0,99100000,"Admin","Admin",0,"5a8a1b7dbf797d3a34f5038d"
"2018-02-19T00:34:05.718Z","2018-02-19T00:34:05.718Z","5a8a1b7dbf797d3a34f5038e","5a1e148074e45239e055feb9","5a83ab66e4517c3f08de9563","5a83ab65e4517c3f08de94c0","5a83ab67e4517c3f08de95d7","Frais Scol.:Etud Boursiers","706120",0,401603889,"Admin","Admin",0,"5a8a1b7dbf797d3a34f5038e"
"2018-02-19T00:34:05.718Z","2018-02-19T00:34:05.718Z","5a8a1b7dbf797d3a34f5038f","5a1e148074e45239e055feb9","5a83ab66e4517c3f08de9563","5a83ab65e4517c3f08de94c0","5a83ab67e4517c3f08de95d7","Frais d'inscription","706130",0,6762500,"Admin","Admin",0,"5a8a1b7dbf797d3a34f5038f"
"2018-02-19T00:34:05.718Z","2018-02-19T00:34:05.718Z","5a8a1b7dbf797d3a34f50390","5a1e148074e45239e055feb9","5a83ab66e4517c3f08de9566","5a83ab65e4517c3f08de94c1","5a83ab67e4517c3f08de95d7","Loyers Chambres Cité Etudiants","707300",0,5324500,"Admin","Admin",0,"5a8a1b7dbf797d3a34f50390"
"2018-02-19T00:34:05.719Z","2018-02-19T00:34:05.719Z","5a8a1b7dbf797d3a34f50391","5a1e148074e45239e055feb9","5a83ab66e4517c3f08de9566","5a83ab65e4517c3f08de94c1","5a83ab67e4517c3f08de95d7","Séminaires, Colloques, Ateliers","707810",0,5600000,"Admin","Admin",0,"5a8a1b7dbf797d3a34f50391"
"2018-02-19T00:34:05.719Z","2018-02-19T00:34:05.719Z","5a8a1b7dbf797d3a34f50392","5a1e148074e45239e055feb9","5a83ab66e4517c3f08de9566","5a83ab65e4517c3f08de94c1","5a83ab67e4517c3f08de95d7","Surplus de caisse","707860",0,765,"Admin","Admin",0,"5a8a1b7dbf797d3a34f50392"
"2018-02-19T00:34:05.719Z","2018-02-19T00:34:05.719Z","5a8a1b7dbf797d3a34f50393","5a1e148074e45239e055feb9","5a83ab66e4517c3f08de9567","5a83ab65e4517c3f08de950b","5a83ab67e4517c3f08de95d7","Subv Exploit des Etats","718800",0,576221571,"Admin","Admin",0,"5a8a1b7dbf797d3a34f50393"
"2018-02-19T00:34:05.719Z","2018-02-19T00:34:05.719Z","5a8a1b7dbf797d3a34f50394","5a1e148074e45239e055feb9","5a83ab66e4517c3f08de9567","5a83ab65e4517c3f08de950b","5a83ab67e4517c3f08de95d7","Subv. Exploit, Organisme In","718900",0,2541000,"Admin","Admin",0,"5a8a1b7dbf797d3a34f50394"
"2018-02-19T00:34:05.719Z","2018-02-19T00:34:05.719Z","5a8a1b7dbf797d3a34f50395","5a1e148074e45239e055feb9","5a83ab66e4517c3f08de9568","5a83ab65e4517c3f08de950c","5a83ab67e4517c3f08de95d7","Reprise provision sur créances","759400",0,700000,"Admin","Admin",0,"5a8a1b7dbf797d3a34f50395"
"2018-02-19T00:34:05.719Z","2018-02-19T00:34:05.719Z","5a8a1b7dbf797d3a34f50396","5a1e148074e45239e055feb9","5a83ab66e4517c3f08de9569","5a83ab65e4517c3f08de950d","5a83ab67e4517c3f08de95d7","Reprises Provisions Exploitation","791000",0,23677811,"Admin","Admin",0,"5a8a1b7dbf797d3a34f50396"
"2018-02-19T00:34:05.719Z","2018-02-19T00:34:05.719Z","5a8a1b7dbf797d3a34f50397","5a1e148074e45239e055feb9","5a83ab66e4517c3f08de955c","5a83ab65e4517c3f08de94a7","5a83ab67e4517c3f08de95d4","Valeurs Compt. Cessions Immo. Corp","812000",3434178,0,"Admin","Admin",0,"5a8a1b7dbf797d3a34f50397"
"2018-02-19T00:34:05.720Z","2018-02-19T00:34:05.720Z","5a8a1b7dbf797d3a34f50398","5a1e148074e45239e055feb9","5a83ab66e4517c3f08de956f","5a83ab65e4517c3f08de9506","5a83ab67e4517c3f08de95d7","Produits Cessions Immo. Corp.","822000",0,500000,"Admin","Admin",0,"5a8a1b7dbf797d3a34f50398"
"2018-02-19T00:34:05.720Z","2018-02-19T00:34:05.720Z","5a8a1b7dbf797d3a34f50399","5a1e148074e45239e055feb9","5a83ab66e4517c3f08de955d","5a83ab65e4517c3f08de94a8","5a83ab67e4517c3f08de95d4","Charges Hors Activ. Ordin.","83100",2322000,0,"Admin","Admin",0,"5a8a1b7dbf797d3a34f50399"
"2018-02-19T00:34:05.720Z","2018-02-19T00:34:05.720Z","5a8a1b7dbf797d3a34f5039a","5a1e148074e45239e055feb9","5a83ab66e4517c3f08de9570","5a83ab65e4517c3f08de9507","5a83ab67e4517c3f08de95d7","Produits HAO Constatés","84100",0,4290400,"Admin","Admin",0,"5a8a1b7dbf797d3a34f5039a"
"2018-02-19T00:34:05.720Z","2018-02-19T00:34:05.720Z","5a8a1b7dbf797d3a34f5039b","5a1e148074e45239e055feb9","5a83ab66e4517c3f08de9571","5a83ab65e4517c3f08de9509","5a83ab67e4517c3f08de95d7","Reprises Subventions Investissement","865000",0,968000,"Admin","Admin",0,"5a8a1b7dbf797d3a34f5039b"