"_id","ModifiedBy","CreatedBy","_oexerccompta_id","_oreference_id","_ocompte_id","_otableauposte_id","IntitulCompte","NumCompte","SoldeDebit","SoldeCredit","__v","ModifiedOn","CreatedOn","id"
"5a6421ae89e0c538d057caff","Admin","Admin","5a1e148074e45239e055feb9","5a445fc407be542a7401dd14","5a445fc407be542a7401dca5","5a445fc507be542a7401dd8b","Dotation BENIN","102010",0,44829579,0,"2018-01-21T05:14:22.226Z","2018-01-21T05:14:22.226Z","5a6421ae89e0c538d057caff"
"5a6421ae89e0c538d057cb00","Admin","Admin","5a1e148074e45239e055feb9","5a445fc407be542a7401dd14","5a445fc407be542a7401dca5","5a445fc507be542a7401dd8b","Dotation BURKINA","102020",0,65643312,0,"2018-01-21T05:14:22.230Z","2018-01-21T05:14:22.230Z","5a6421ae89e0c538d057cb00"
"5a6421ae89e0c538d057cb01","Admin","Admin","5a1e148074e45239e055feb9","5a445fc407be542a7401dd14","5a445fc407be542a7401dca5","5a445fc507be542a7401dd8b","Dotation CENTRAFRIQUE","102040",0,41326938,0,"2018-01-21T05:14:22.231Z","2018-01-21T05:14:22.231Z","5a6421ae89e0c538d057cb01"
"5a6421ae89e0c538d057cb02","Admin","Admin","5a1e148074e45239e055feb9","5a445fc407be542a7401dd14","5a445fc407be542a7401dca5","5a445fc507be542a7401dd8b","Dotation COTE D'IVOIRE","102050",0,64842784,0,"2018-01-21T05:14:22.231Z","2018-01-21T05:14:22.231Z","5a6421ae89e0c538d057cb02"
"5a6421ae89e0c538d057cb03","Admin","Admin","5a1e148074e45239e055feb9","5a445fc407be542a7401dd14","5a445fc407be542a7401dca5","5a445fc507be542a7401dd8b","Dotation GABON","102060",0,64042255,0,"2018-01-21T05:14:22.231Z","2018-01-21T05:14:22.231Z","5a6421ae89e0c538d057cb03"
"5a6421ae89e0c538d057cb04","Admin","Admin","5a1e148074e45239e055feb9","5a445fc407be542a7401dd14","5a445fc407be542a7401dca5","5a445fc507be542a7401dd8b","Dotation NIGER","102070",0,41279251,0,"2018-01-21T05:14:22.231Z","2018-01-21T05:14:22.231Z","5a6421ae89e0c538d057cb04"
"5a6421ae89e0c538d057cb05","Admin","Admin","5a1e148074e45239e055feb9","5a445fc407be542a7401dd14","5a445fc407be542a7401dca5","5a445fc507be542a7401dd8b","Dotation TOGO","102080",0,57203109,0,"2018-01-21T05:14:22.231Z","2018-01-21T05:14:22.231Z","5a6421ae89e0c538d057cb05"
"5a6421ae89e0c538d057cb06","Admin","Admin","5a1e148074e45239e055feb9","5a445fc407be542a7401dd14","5a445fc407be542a7401dca5","5a445fc507be542a7401dd8b","Dotation SENEGAL","102090",0,18808451,0,"2018-01-21T05:14:22.231Z","2018-01-21T05:14:22.231Z","5a6421ae89e0c538d057cb06"
"5a6421ae89e0c538d057cb07","Admin","Admin","5a1e148074e45239e055feb9","5a445fc407be542a7401dd1a","5a445fc407be542a7401dcd8","5a445fc507be542a7401dd8b","Report à nouveau","120000",0,578005041,0,"2018-01-21T05:14:22.232Z","2018-01-21T05:14:22.232Z","5a6421ae89e0c538d057cb07"
"5a6421ae89e0c538d057cb08","Admin","Admin","5a1e148074e45239e055feb9","5a445fc407be542a7401dd1b","5a445fc407be542a7401dcda","5a445fc507be542a7401dd8b","Résultat Exercice","13100",0,1050254365,0,"2018-01-21T05:14:22.232Z","2018-01-21T05:14:22.232Z","5a6421ae89e0c538d057cb08"
"5a6421ae89e0c538d057cb09","Admin","Admin","5a1e148074e45239e055feb9","5a445fc407be542a7401dd1c","5a445fc407be542a7401dca2","5a445fc507be542a7401dd8b","Subv Equip Etats","141800",0,456333320,0,"2018-01-21T05:14:22.232Z","2018-01-21T05:14:22.232Z","5a6421ae89e0c538d057cb09"
"5a6421ae89e0c538d057cb0a","Admin","Admin","5a1e148074e45239e055feb9","5a445fc407be542a7401dd21","5a445fc407be542a7401dcd9","5a445fc507be542a7401dd8b","Provions  Pensions & Obligations","196000",0,129663185,0,"2018-01-21T05:14:22.232Z","2018-01-21T05:14:22.232Z","5a6421ae89e0c538d057cb0a"
"5a6421ae89e0c538d057cb0b","Admin","Admin","5a1e148074e45239e055feb9","5a445fc407be542a7401dcfa","5a445fc407be542a7401dc3a","5a445fc507be542a7401dd88","Licence Pédagogique","212100",40973760,0,0,"2018-01-21T05:14:22.232Z","2018-01-21T05:14:22.232Z","5a6421ae89e0c538d057cb0b"
"5a6421ae89e0c538d057cb0c","Admin","Admin","5a1e148074e45239e055feb9","5a445fc407be542a7401dcfa","5a445fc407be542a7401dc3b","5a445fc507be542a7401dd88","Logiciels Administration","213100",4825000,0,0,"2018-01-21T05:14:22.232Z","2018-01-21T05:14:22.232Z","5a6421ae89e0c538d057cb0c"
"5a6421ae89e0c538d057cb0d","Admin","Admin","5a1e148074e45239e055feb9","5a445fc407be542a7401dcfa","5a445fc407be542a7401dc3b","5a445fc507be542a7401dd88","Logiciels Pédagogie","213200",574000,0,0,"2018-01-21T05:14:22.232Z","2018-01-21T05:14:22.232Z","5a6421ae89e0c538d057cb0d"
"5a6421ae89e0c538d057cb0e","Admin","Admin","5a1e148074e45239e055feb9","5a445fc407be542a7401dcfa","5a445fc407be542a7401dc3d","5a445fc507be542a7401dd88","Logiciel Encours","219311",1225000,0,0,"2018-01-21T05:14:22.232Z","2018-01-21T05:14:22.232Z","5a6421ae89e0c538d057cb0e"
"5a6421ae89e0c538d057cb0f","Admin","Admin","5a1e148074e45239e055feb9","5a445fc407be542a7401dcfd","5a445fc407be542a7401dc27","5a445fc507be542a7401dd88","Terrains","220100",124848000,0,0,"2018-01-21T05:14:22.233Z","2018-01-21T05:14:22.233Z","5a6421ae89e0c538d057cb0f"
"5a6421ae89e0c538d057cb10","Admin","Admin","5a1e148074e45239e055feb9","5a445fc407be542a7401dcfe","5a445fc407be542a7401dc28","5a445fc507be542a7401dd88","Constructions & Immeubles","231300",303246990,0,0,"2018-01-21T05:14:22.234Z","2018-01-21T05:14:22.234Z","5a6421ae89e0c538d057cb10"
"5a6421ae89e0c538d057cb11","Admin","Admin","5a1e148074e45239e055feb9","5a445fc407be542a7401dcff","5a445fc407be542a7401dc2e","5a445fc507be542a7401dd88","Amenagement de Bureau","235100",10815000,0,0,"2018-01-21T05:14:22.234Z","2018-01-21T05:14:22.234Z","5a6421ae89e0c538d057cb11"
"5a6421ae89e0c538d057cb12","Admin","Admin","5a1e148074e45239e055feb9","5a445fc407be542a7401dcff","5a445fc407be542a7401dc2f","5a445fc507be542a7401dd88","Autres Aménag. Instal.","238000",87202282,0,0,"2018-01-21T05:14:22.234Z","2018-01-21T05:14:22.234Z","5a6421ae89e0c538d057cb12"
"5a6421ae89e0c538d057cb13","Admin","Admin","5a1e148074e45239e055feb9","5a445fc407be542a7401dcfe","5a445fc407be542a7401dc30","5a445fc507be542a7401dd88","Bâtiments & Installations encours","239200",0,0,0,"2018-01-21T05:14:22.234Z","2018-01-21T05:14:22.234Z","5a6421ae89e0c538d057cb13"
"5a6421ae89e0c538d057cb14","Admin","Admin","5a1e148074e45239e055feb9","5a445fc407be542a7401dd00","5a445fc407be542a7401dc31","5a445fc507be542a7401dd88","Matériel de Bureau","244100",10359484,0,0,"2018-01-21T05:14:22.234Z","2018-01-21T05:14:22.234Z","5a6421ae89e0c538d057cb14"
"5a6421ae89e0c538d057cb15","Admin","Admin","5a1e148074e45239e055feb9","5a445fc407be542a7401dd00","5a445fc407be542a7401dc31","5a445fc507be542a7401dd88","Matériel Informatique","244200",61833497,0,0,"2018-01-21T05:14:22.235Z","2018-01-21T05:14:22.235Z","5a6421ae89e0c538d057cb15"
"5a6421ae89e0c538d057cb16","Admin","Admin","5a1e148074e45239e055feb9","5a445fc407be542a7401dd00","5a445fc407be542a7401dc31","5a445fc507be542a7401dd88","Matériel Bureautique","244300",3671422,0,0,"2018-01-21T05:14:22.235Z","2018-01-21T05:14:22.235Z","5a6421ae89e0c538d057cb16"
"5a6421ae89e0c538d057cb17","Admin","Admin","5a1e148074e45239e055feb9","5a445fc407be542a7401dd00","5a445fc407be542a7401dc31","5a445fc507be542a7401dd88","Mobilier de Bureau","244400",28762556,0,0,"2018-01-21T05:14:22.235Z","2018-01-21T05:14:22.235Z","5a6421ae89e0c538d057cb17"
"5a6421ae89e0c538d057cb18","Admin","Admin","5a1e148074e45239e055feb9","5a445fc407be542a7401dd00","5a445fc407be542a7401dc31","5a445fc507be542a7401dd88","Mobilier de Logement","244700",3861000,0,0,"2018-01-21T05:14:22.235Z","2018-01-21T05:14:22.235Z","5a6421ae89e0c538d057cb18"
"5a6421ae89e0c538d057cb19","Admin","Admin","5a1e148074e45239e055feb9","5a445fc407be542a7401dd00","5a445fc407be542a7401dc31","5a445fc507be542a7401dd88","Mobilier Pédagogique","244810",30553226,0,0,"2018-01-21T05:14:22.235Z","2018-01-21T05:14:22.235Z","5a6421ae89e0c538d057cb19"
"5a6421ae89e0c538d057cb1a","Admin","Admin","5a1e148074e45239e055feb9","5a445fc407be542a7401dd00","5a445fc407be542a7401dc31","5a445fc507be542a7401dd88","Matériel Pédagogique","244820",6000570,0,0,"2018-01-21T05:14:22.235Z","2018-01-21T05:14:22.235Z","5a6421ae89e0c538d057cb1a"
"5a6421ae89e0c538d057cb1b","Admin","Admin","5a1e148074e45239e055feb9","5a445fc407be542a7401dd00","5a445fc407be542a7401dc31","5a445fc507be542a7401dd88","Matériel Médical","244830",452000,0,0,"2018-01-21T05:14:22.236Z","2018-01-21T05:14:22.236Z","5a6421ae89e0c538d057cb1b"
"5a6421ae89e0c538d057cb1c","Admin","Admin","5a1e148074e45239e055feb9","5a445fc407be542a7401dd01","5a445fc407be542a7401dc33","5a445fc507be542a7401dd88","Matériel de Transport","245100",76910380,0,0,"2018-01-21T05:14:22.236Z","2018-01-21T05:14:22.236Z","5a6421ae89e0c538d057cb1c"
"5a6421ae89e0c538d057cb1d","Admin","Admin","5a1e148074e45239e055feb9","5a445fc407be542a7401dd00","5a445fc407be542a7401dc31","5a445fc507be542a7401dd88","Matériel Bureautique","249460",58800,0,0,"2018-01-21T05:14:22.236Z","2018-01-21T05:14:22.236Z","5a6421ae89e0c538d057cb1d"
"5a6421ae89e0c538d057cb1e","Admin","Admin","5a1e148074e45239e055feb9","5a445fc407be542a7401dd00","5a445fc407be542a7401dc31","5a445fc507be542a7401dd88","Agenc & Amenag Install","249700",0,0,0,"2018-01-21T05:14:22.236Z","2018-01-21T05:14:22.236Z","5a6421ae89e0c538d057cb1e"
"5a6421ae89e0c538d057cb1f","Admin","Admin","5a1e148074e45239e055feb9","5a445fc407be542a7401dd04","5a445fc407be542a7401dc36","5a445fc507be542a7401dd88","Dépôts & Caut, CEET","275200",248000,0,0,"2018-01-21T05:14:22.236Z","2018-01-21T05:14:22.236Z","5a6421ae89e0c538d057cb1f"
"5a6421ae89e0c538d057cb20","Admin","Admin","5a1e148074e45239e055feb9","5a445fc407be542a7401dd04","5a445fc407be542a7401dc36","5a445fc507be542a7401dd88","Dépôts & Caut, INTERNET","275300",60000,0,0,"2018-01-21T05:14:22.237Z","2018-01-21T05:14:22.237Z","5a6421ae89e0c538d057cb20"
"5a6421ae89e0c538d057cb21","Admin","Admin","5a1e148074e45239e055feb9","5a445fc407be542a7401dd04","5a445fc407be542a7401dc36","5a445fc507be542a7401dd88","Dépôts & Caut,TELECOM","275400",200000,0,0,"2018-01-21T05:14:22.237Z","2018-01-21T05:14:22.237Z","5a6421ae89e0c538d057cb21"
"5a6421ae89e0c538d057cb22","Admin","Admin","5a1e148074e45239e055feb9","5a445fc407be542a7401dcfa","5a445fc407be542a7401dc02","5a445fc507be542a7401dd88","Amortis. Licence Pédagogique","281220",0,8194752,0,"2018-01-21T05:14:22.237Z","2018-01-21T05:14:22.237Z","5a6421ae89e0c538d057cb22"
"5a6421ae89e0c538d057cb23","Admin","Admin","5a1e148074e45239e055feb9","5a445fc407be542a7401dcfa","5a445fc407be542a7401dc03","5a445fc507be542a7401dd88","Amortis Logiciel Admini","281300",0,4195000,0,"2018-01-21T05:14:22.237Z","2018-01-21T05:14:22.237Z","5a6421ae89e0c538d057cb23"
"5a6421ae89e0c538d057cb24","Admin","Admin","5a1e148074e45239e055feb9","5a445fc407be542a7401dcfa","5a445fc407be542a7401dc04","5a445fc507be542a7401dd88","Amortis. Logiciel Pédagogique","281400",0,394000,0,"2018-01-21T05:14:22.237Z","2018-01-21T05:14:22.237Z","5a6421ae89e0c538d057cb24"
"5a6421ae89e0c538d057cb25","Admin","Admin","5a1e148074e45239e055feb9","5a445fc407be542a7401dcfe","5a445fc407be542a7401dc0a","5a445fc507be542a7401dd88","Amort Contruc. & Immeubles","283130",0,220110657,0,"2018-01-21T05:14:22.237Z","2018-01-21T05:14:22.237Z","5a6421ae89e0c538d057cb25"
"5a6421ae89e0c538d057cb26","Admin","Admin","5a1e148074e45239e055feb9","5a445fc407be542a7401dcff","5a445fc407be542a7401dc0e","5a445fc507be542a7401dd88","Amort Amén. Bureau","283510",0,4887001,0,"2018-01-21T05:14:22.237Z","2018-01-21T05:14:22.237Z","5a6421ae89e0c538d057cb26"
"5a6421ae89e0c538d057cb27","Admin","Admin","5a1e148074e45239e055feb9","5a445fc407be542a7401dcff","5a445fc407be542a7401dc0e","5a445fc507be542a7401dd88","Amort. Autre Amén. Instal","283800",0,44780886,0,"2018-01-21T05:14:22.237Z","2018-01-21T05:14:22.237Z","5a6421ae89e0c538d057cb27"
"5a6421ae89e0c538d057cb28","Admin","Admin","5a1e148074e45239e055feb9","5a445fc407be542a7401dd00","5a445fc407be542a7401dc0f","5a445fc507be542a7401dd88","Amort Matériel Bureau","284410",0,7345883,0,"2018-01-21T05:14:22.237Z","2018-01-21T05:14:22.237Z","5a6421ae89e0c538d057cb28"
"5a6421ae89e0c538d057cb29","Admin","Admin","5a1e148074e45239e055feb9","5a445fc407be542a7401dd00","5a445fc407be542a7401dc0f","5a445fc507be542a7401dd88","Amort Mat. Informatique","284420",0,37343435,0,"2018-01-21T05:14:22.238Z","2018-01-21T05:14:22.238Z","5a6421ae89e0c538d057cb29"
"5a6421ae89e0c538d057cb2a","Admin","Admin","5a1e148074e45239e055feb9","5a445fc407be542a7401dd00","5a445fc407be542a7401dc0f","5a445fc507be542a7401dd88","Amort. Mat. Bureautique","284430",0,3027499,0,"2018-01-21T05:14:22.240Z","2018-01-21T05:14:22.240Z","5a6421ae89e0c538d057cb2a"
"5a6421ae89e0c538d057cb2b","Admin","Admin","5a1e148074e45239e055feb9","5a445fc407be542a7401dd00","5a445fc407be542a7401dc0f","5a445fc507be542a7401dd88","Amort Mobilier Bureau","284440",0,15741157,0,"2018-01-21T05:14:22.240Z","2018-01-21T05:14:22.240Z","5a6421ae89e0c538d057cb2b"
"5a6421ae89e0c538d057cb2c","Admin","Admin","5a1e148074e45239e055feb9","5a445fc407be542a7401dd00","5a445fc407be542a7401dc0f","5a445fc507be542a7401dd88","Amort. Mobilier Logement","284470",0,1490650,0,"2018-01-21T05:14:22.240Z","2018-01-21T05:14:22.240Z","5a6421ae89e0c538d057cb2c"
"5a6421ae89e0c538d057cb2d","Admin","Admin","5a1e148074e45239e055feb9","5a445fc407be542a7401dd00","5a445fc407be542a7401dc0f","5a445fc507be542a7401dd88","Amort. Mob. Pédagogique","284481",0,24216177,0,"2018-01-21T05:14:22.240Z","2018-01-21T05:14:22.240Z","5a6421ae89e0c538d057cb2d"
"5a6421ae89e0c538d057cb2e","Admin","Admin","5a1e148074e45239e055feb9","5a445fc407be542a7401dd00","5a445fc407be542a7401dc0f","5a445fc507be542a7401dd88","Amort Mat. Pédagogique","284482",0,5474737,0,"2018-01-21T05:14:22.240Z","2018-01-21T05:14:22.240Z","5a6421ae89e0c538d057cb2e"
"5a6421ae89e0c538d057cb2f","Admin","Admin","5a1e148074e45239e055feb9","5a445fc407be542a7401dd00","5a445fc407be542a7401dc0f","5a445fc507be542a7401dd88","Amort Mat. Médical","284483",0,223000,0,"2018-01-21T05:14:22.240Z","2018-01-21T05:14:22.240Z","5a6421ae89e0c538d057cb2f"
"5a6421ae89e0c538d057cb30","Admin","Admin","5a1e148074e45239e055feb9","5a445fc407be542a7401dd01","5a445fc407be542a7401dc10","5a445fc507be542a7401dd88","Amort. Matériel Transport","284500",0,40149025,0,"2018-01-21T05:14:22.241Z","2018-01-21T05:14:22.241Z","5a6421ae89e0c538d057cb30"
"5a6421ae89e0c538d057cb31","Admin","Admin","5a1e148074e45239e055feb9","5a445fc407be542a7401dd24","5a445fc407be542a7401dcbf","5a445fc507be542a7401dd8b","FOURN DETTES EN CPTE","401000",0,9253339,0,"2018-01-21T05:14:22.242Z","2018-01-21T05:14:22.242Z","5a6421ae89e0c538d057cb31"
"5a6421ae89e0c538d057cb32","Admin","Admin","5a1e148074e45239e055feb9","5a445fc407be542a7401dd24","5a445fc407be542a7401dcbf","5a445fc507be542a7401dd8b","Fournisseurs Divers","401100",0,19473676,0,"2018-01-21T05:14:22.242Z","2018-01-21T05:14:22.242Z","5a6421ae89e0c538d057cb32"
"5a6421ae89e0c538d057cb33","Admin","Admin","5a1e148074e45239e055feb9","5a445fc407be542a7401dd24","5a445fc407be542a7401dcc1","5a445fc507be542a7401dd8b","Fournisseurs, Fact. non parvenues","408100",0,5250000,0,"2018-01-21T05:14:22.242Z","2018-01-21T05:14:22.242Z","5a6421ae89e0c538d057cb33"
"5a6421ae89e0c538d057cb34","Admin","Admin","5a1e148074e45239e055feb9","5a445fc407be542a7401dd23","5a445fc407be542a7401dcbe","5a445fc507be542a7401dd8b","Collectif Frais Scol., Etud. Privé","419100",0,21591648,0,"2018-01-21T05:14:22.242Z","2018-01-21T05:14:22.242Z","5a6421ae89e0c538d057cb34"
"5a6421ae89e0c538d057cb35","Admin","Admin","5a1e148074e45239e055feb9","5a445fc407be542a7401dd23","5a445fc407be542a7401dcbe","5a445fc507be542a7401dd8b","Autres Créances Etudi","419400",0,2395901,0,"2018-01-21T05:14:22.242Z","2018-01-21T05:14:22.242Z","5a6421ae89e0c538d057cb35"
"5a6421ae89e0c538d057cb36","Admin","Admin","5a1e148074e45239e055feb9","5a445fc407be542a7401dd0e","5a445fc407be542a7401dc19","5a445fc507be542a7401dd88","Clients Divers","411500",10711478,0,0,"2018-01-21T05:14:22.242Z","2018-01-21T05:14:22.242Z","5a6421ae89e0c538d057cb36"
"5a6421ae89e0c538d057cb37","Admin","Admin","5a1e148074e45239e055feb9","5a445fc407be542a7401dd0e","5a445fc407be542a7401dc19","5a445fc507be542a7401dd88"," FNAPP,Etudiants Togolais  ","411600",0,0,0,"2018-01-21T05:14:22.243Z","2018-01-21T05:14:22.243Z","5a6421ae89e0c538d057cb37"
"5a6421ae89e0c538d057cb38","Admin","Admin","5a1e148074e45239e055feb9","5a445fc407be542a7401dd0e","5a445fc407be542a7401dc19","5a445fc507be542a7401dd88","Collectif Loyers, Bénin","4116100",982750,0,0,"2018-01-21T05:14:22.243Z","2018-01-21T05:14:22.243Z","5a6421ae89e0c538d057cb38"
"5a6421ae89e0c538d057cb39","Admin","Admin","5a1e148074e45239e055feb9","5a445fc407be542a7401dd23","5a445fc407be542a7401dcbe","5a445fc507be542a7401dd8b","Collectif Loyers, Burkina","4196200",0,560838,0,"2018-01-21T05:14:22.243Z","2018-01-21T05:14:22.243Z","5a6421ae89e0c538d057cb39"
"5a6421ae89e0c538d057cb3a","Admin","Admin","5a1e148074e45239e055feb9","5a445fc407be542a7401dd0e","5a445fc407be542a7401dc19","5a445fc507be542a7401dd88","Collectif Loyers, Caméroun","4116300",1015418,0,0,"2018-01-21T05:14:22.243Z","2018-01-21T05:14:22.243Z","5a6421ae89e0c538d057cb3a"
"5a6421ae89e0c538d057cb3b","Admin","Admin","5a1e148074e45239e055feb9","5a445fc407be542a7401dd0e","5a445fc407be542a7401dc19","5a445fc507be542a7401dd88","Collectif Loyers, Centrafriq","4116400",1056974,0,0,"2018-01-21T05:14:22.243Z","2018-01-21T05:14:22.243Z","5a6421ae89e0c538d057cb3b"
"5a6421ae89e0c538d057cb3c","Admin","Admin","5a1e148074e45239e055feb9","5a445fc407be542a7401dd0e","5a445fc407be542a7401dc19","5a445fc507be542a7401dd88","Collectif Loyers, Cote Ivoire","4116500",904368,0,0,"2018-01-21T05:14:22.243Z","2018-01-21T05:14:22.243Z","5a6421ae89e0c538d057cb3c"
"5a6421ae89e0c538d057cb3d","Admin","Admin","5a1e148074e45239e055feb9","5a445fc407be542a7401dd0e","5a445fc407be542a7401dc19","5a445fc507be542a7401dd88","Collectif Loyers, Gabon","4116600",178323,0,0,"2018-01-21T05:14:22.243Z","2018-01-21T05:14:22.243Z","5a6421ae89e0c538d057cb3d"
"5a6421ae89e0c538d057cb3e","Admin","Admin","5a1e148074e45239e055feb9","5a445fc407be542a7401dd0e","5a445fc407be542a7401dc19","5a445fc507be542a7401dd88","Collectif Loyers, Niger","4116700",148586,0,0,"2018-01-21T05:14:22.243Z","2018-01-21T05:14:22.243Z","5a6421ae89e0c538d057cb3e"
"5a6421ae89e0c538d057cb3f","Admin","Admin","5a1e148074e45239e055feb9","5a445fc407be542a7401dd23","5a445fc407be542a7401dcbe","5a445fc507be542a7401dd8b","Collectif Loyers, Togo","4196800",0,1685980,0,"2018-01-21T05:14:22.244Z","2018-01-21T05:14:22.244Z","5a6421ae89e0c538d057cb3f"
"5a6421ae89e0c538d057cb40","Admin","Admin","5a1e148074e45239e055feb9","5a445fc407be542a7401dd0e","5a445fc407be542a7401dc19","5a445fc507be542a7401dd88","Collectif Loyers,  Autres Pays","4116900",129500,0,0,"2018-01-21T05:14:22.244Z","2018-01-21T05:14:22.244Z","5a6421ae89e0c538d057cb40"
"5a6421ae89e0c538d057cb41","Admin","Admin","5a1e148074e45239e055feb9","5a445fc407be542a7401dd0e","5a445fc407be542a7401dc19","5a445fc507be542a7401dd88","Collectif Loyers, Guinée Equato","4117100",3928000,0,0,"2018-01-21T05:14:22.244Z","2018-01-21T05:14:22.244Z","5a6421ae89e0c538d057cb41"
"5a6421ae89e0c538d057cb42","Admin","Admin","5a1e148074e45239e055feb9","5a445fc407be542a7401dd0e","5a445fc407be542a7401dc19","5a445fc507be542a7401dd88","Collectif Loyers, Congo Brazza","4117400",456500,0,0,"2018-01-21T05:14:22.245Z","2018-01-21T05:14:22.245Z","5a6421ae89e0c538d057cb42"
"5a6421ae89e0c538d057cb43","Admin","Admin","5a1e148074e45239e055feb9","5a445fc407be542a7401dd0e","5a445fc407be542a7401dc19","5a445fc507be542a7401dd88","Collectif Loyers, Tchad","4117500",192500,0,0,"2018-01-21T05:14:22.245Z","2018-01-21T05:14:22.245Z","5a6421ae89e0c538d057cb43"
"5a6421ae89e0c538d057cb44","Admin","Admin","5a1e148074e45239e055feb9","5a445fc407be542a7401dd0e","5a445fc407be542a7401dc19","5a445fc507be542a7401dd88","Créances Douteuses","416200",11000000,0,0,"2018-01-21T05:14:22.245Z","2018-01-21T05:14:22.245Z","5a6421ae89e0c538d057cb44"
"5a6421ae89e0c538d057cb45","Admin","Admin","5a1e148074e45239e055feb9","5a445fc407be542a7401dd23","5a445fc407be542a7401dcbe","5a445fc507be542a7401dd8b","Etud, Cautions Biblioth. reç  ","419600",0,675000,0,"2018-01-21T05:14:22.245Z","2018-01-21T05:14:22.245Z","5a6421ae89e0c538d057cb45"
"5a6421ae89e0c538d057cb46","Admin","Admin","5a1e148074e45239e055feb9","5a445fc407be542a7401dd26","5a445fc407be542a7401dcca","5a445fc507be542a7401dd8b","Personnel, Rémun. Dues","422000",0,1282424,0,"2018-01-21T05:14:22.245Z","2018-01-21T05:14:22.245Z","5a6421ae89e0c538d057cb46"
"5a6421ae89e0c538d057cb47","Admin","Admin","5a1e148074e45239e055feb9","5a445fc407be542a7401dd0f","5a445fc407be542a7401dc21","5a445fc507be542a7401dd88","Collectif,  C/C Personnel","428700",9078754,0,0,"2018-01-21T05:14:22.245Z","2018-01-21T05:14:22.245Z","5a6421ae89e0c538d057cb47"
"5a6421ae89e0c538d057cb48","Admin","Admin","5a1e148074e45239e055feb9","5a445fc407be542a7401dd26","5a445fc407be542a7401dcca","5a445fc507be542a7401dd8b","Collectif Vacataires","427100",0,652800,0,"2018-01-21T05:14:22.245Z","2018-01-21T05:14:22.245Z","5a6421ae89e0c538d057cb48"
"5a6421ae89e0c538d057cb49","Admin","Admin","5a1e148074e45239e055feb9","5a445fc407be542a7401dd26","5a445fc407be542a7401dcca","5a445fc507be542a7401dd8b","Autres Personnels","427200",0,11411425,0,"2018-01-21T05:14:22.245Z","2018-01-21T05:14:22.245Z","5a6421ae89e0c538d057cb49"
"5a6421ae89e0c538d057cb4a","Admin","Admin","5a1e148074e45239e055feb9","5a445fc407be542a7401dd26","5a445fc407be542a7401dccb","5a445fc507be542a7401dd8b","CNSS(Cotis. Séc. Soci)","431100",0,32236455,0,"2018-01-21T05:14:22.246Z","2018-01-21T05:14:22.246Z","5a6421ae89e0c538d057cb4a"
"5a6421ae89e0c538d057cb4b","Admin","Admin","5a1e148074e45239e055feb9","5a445fc407be542a7401dd26","5a445fc407be542a7401dccb","5a445fc507be542a7401dd8b","Pensions Pers. Détaché","431200",0,12863787,0,"2018-01-21T05:14:22.246Z","2018-01-21T05:14:22.246Z","5a6421ae89e0c538d057cb4b"
"5a6421ae89e0c538d057cb4c","Admin","Admin","5a1e148074e45239e055feb9","5a445fc407be542a7401dd0f","5a445fc407be542a7401dc1d","5a445fc507be542a7401dd88","T.V.A. récupérable/Eau","445210",1562224,0,0,"2018-01-21T05:14:22.248Z","2018-01-21T05:14:22.248Z","5a6421ae89e0c538d057cb4c"
"5a6421ae89e0c538d057cb4d","Admin","Admin","5a1e148074e45239e055feb9","5a445fc407be542a7401dd0f","5a445fc407be542a7401dc1d","5a445fc507be542a7401dd88","T.V.A. récupérable/Electricité","445220",6479877,0,0,"2018-01-21T05:14:22.248Z","2018-01-21T05:14:22.248Z","5a6421ae89e0c538d057cb4d"
"5a6421ae89e0c538d057cb4e","Admin","Admin","5a1e148074e45239e055feb9","5a445fc407be542a7401dd0f","5a445fc407be542a7401dc1d","5a445fc507be542a7401dd88","T.V.A. récup./Tél. Fax. Roaming","445400",3722392,0,0,"2018-01-21T05:14:22.248Z","2018-01-21T05:14:22.248Z","5a6421ae89e0c538d057cb4e"
"5a6421ae89e0c538d057cb4f","Admin","Admin","5a1e148074e45239e055feb9","5a445fc407be542a7401dd25","5a445fc407be542a7401dcc6","5a445fc507be542a7401dd8b","Etat, IRPP à Payer","447200",0,116778422,0,"2018-01-21T05:14:22.248Z","2018-01-21T05:14:22.248Z","5a6421ae89e0c538d057cb4f"
"5a6421ae89e0c538d057cb50","Admin","Admin","5a1e148074e45239e055feb9","5a445fc407be542a7401dd25","5a445fc407be542a7401dcc6","5a445fc507be542a7401dd8b","Etat, TCS à Payer","447300",0,497808,0,"2018-01-21T05:14:22.248Z","2018-01-21T05:14:22.248Z","5a6421ae89e0c538d057cb50"
"5a6421ae89e0c538d057cb51","Admin","Admin","5a1e148074e45239e055feb9","5a445fc407be542a7401dd27","5a445fc407be542a7401dccf","5a445fc507be542a7401dd8b","Organismes Intern., Subv. à Recevoi","47125820",0,9032521,0,"2018-01-21T05:14:22.249Z","2018-01-21T05:14:22.249Z","5a6421ae89e0c538d057cb51"
"5a6421ae89e0c538d057cb52","Admin","Admin","5a1e148074e45239e055feb9","5a445fc407be542a7401dd0f","5a445fc407be542a7401dc1b","5a445fc507be542a7401dd88","C/C Bénin","462100",145802844,0,0,"2018-01-21T05:14:22.249Z","2018-01-21T05:14:22.249Z","5a6421ae89e0c538d057cb52"
"5a6421ae89e0c538d057cb53","Admin","Admin","5a1e148074e45239e055feb9","5a445fc407be542a7401dd0f","5a445fc407be542a7401dc1b","5a445fc507be542a7401dd88","C/C Burkina","462200",222834604,0,0,"2018-01-21T05:14:22.249Z","2018-01-21T05:14:22.249Z","5a6421ae89e0c538d057cb53"
"5a6421ae89e0c538d057cb54","Admin","Admin","5a1e148074e45239e055feb9","5a445fc407be542a7401dd0f","5a445fc407be542a7401dc1b","5a445fc507be542a7401dd88","C/C Caméroun","462300",416774240,0,0,"2018-01-21T05:14:22.249Z","2018-01-21T05:14:22.249Z","5a6421ae89e0c538d057cb54"
"5a6421ae89e0c538d057cb55","Admin","Admin","5a1e148074e45239e055feb9","5a445fc407be542a7401dd0f","5a445fc407be542a7401dc1b","5a445fc507be542a7401dd88","C/C Centrafrique","462400",465046450,0,0,"2018-01-21T05:14:22.249Z","2018-01-21T05:14:22.249Z","5a6421ae89e0c538d057cb55"
"5a6421ae89e0c538d057cb56","Admin","Admin","5a1e148074e45239e055feb9","5a445fc407be542a7401dd0f","5a445fc407be542a7401dc1b","5a445fc507be542a7401dd88","C/C Cote d'Ivoire","462500",60701473,0,0,"2018-01-21T05:14:22.249Z","2018-01-21T05:14:22.249Z","5a6421ae89e0c538d057cb56"
"5a6421ae89e0c538d057cb57","Admin","Admin","5a1e148074e45239e055feb9","5a445fc407be542a7401dd0f","5a445fc407be542a7401dc1b","5a445fc507be542a7401dd88","C/C Gabon","462600",237498945,0,0,"2018-01-21T05:14:22.250Z","2018-01-21T05:14:22.250Z","5a6421ae89e0c538d057cb57"
"5a6421ae89e0c538d057cb58","Admin","Admin","5a1e148074e45239e055feb9","5a445fc407be542a7401dd0f","5a445fc407be542a7401dc1b","5a445fc507be542a7401dd88","C/C Niger","462700",477189851,0,0,"2018-01-21T05:14:22.250Z","2018-01-21T05:14:22.250Z","5a6421ae89e0c538d057cb58"
"5a6421ae89e0c538d057cb59","Admin","Admin","5a1e148074e45239e055feb9","5a445fc407be542a7401dd0f","5a445fc407be542a7401dc1b","5a445fc507be542a7401dd88","C/C Togo","462800",193697172,0,0,"2018-01-21T05:14:22.250Z","2018-01-21T05:14:22.250Z","5a6421ae89e0c538d057cb59"
"5a6421ae89e0c538d057cb5a","Admin","Admin","5a1e148074e45239e055feb9","5a445fc407be542a7401dd0f","5a445fc407be542a7401dc1b","5a445fc507be542a7401dd88","C/C Sénégal","462850",172589146,0,0,"2018-01-21T05:14:22.250Z","2018-01-21T05:14:22.250Z","5a6421ae89e0c538d057cb5a"
"5a6421ae89e0c538d057cb5b","Admin","Admin","5a1e148074e45239e055feb9","5a445fc407be542a7401dd27","5a445fc407be542a7401dccf","5a445fc507be542a7401dd8b","C/C Guinée Equatoriale","47126860",0,297149113,0,"2018-01-21T05:14:22.250Z","2018-01-21T05:14:22.250Z","5a6421ae89e0c538d057cb5b"
"5a6421ae89e0c538d057cb5c","Admin","Admin","5a1e148074e45239e055feb9","5a445fc407be542a7401dd0f","5a445fc407be542a7401dc1b","5a445fc507be542a7401dd88","C/C Mali","462870",134737361,0,0,"2018-01-21T05:14:22.250Z","2018-01-21T05:14:22.250Z","5a6421ae89e0c538d057cb5c"
"5a6421ae89e0c538d057cb5d","Admin","Admin","5a1e148074e45239e055feb9","5a445fc407be542a7401dd0f","5a445fc407be542a7401dc1b","5a445fc507be542a7401dd88","C/C Congo Brazzaville","462880",69993150,0,0,"2018-01-21T05:14:22.250Z","2018-01-21T05:14:22.250Z","5a6421ae89e0c538d057cb5d"
"5a6421ae89e0c538d057cb5e","Admin","Admin","5a1e148074e45239e055feb9","5a445fc407be542a7401dd0f","5a445fc407be542a7401dc1b","5a445fc507be542a7401dd88","C/C Tchad","462890",98679689,0,0,"2018-01-21T05:14:22.250Z","2018-01-21T05:14:22.250Z","5a6421ae89e0c538d057cb5e"
"5a6421ae89e0c538d057cb5f","Admin","Admin","5a1e148074e45239e055feb9","5a445fc407be542a7401dd0f","5a445fc407be542a7401dc25","5a445fc507be542a7401dd88","Débiteurs Divers","471100",11707785,0,0,"2018-01-21T05:14:22.250Z","2018-01-21T05:14:22.250Z","5a6421ae89e0c538d057cb5f"
"5a6421ae89e0c538d057cb60","Admin","Admin","5a1e148074e45239e055feb9","5a445fc407be542a7401dd27","5a445fc407be542a7401dccf","5a445fc507be542a7401dd8b","Créditeurs Divers","471200",0,0,0,"2018-01-21T05:14:22.250Z","2018-01-21T05:14:22.250Z","5a6421ae89e0c538d057cb60"
"5a6421ae89e0c538d057cb61","Admin","Admin","5a1e148074e45239e055feb9","5a445fc407be542a7401dd27","5a445fc407be542a7401dccf","5a445fc507be542a7401dd8b","Différence/caisse à régul","471210",0,157565,0,"2018-01-21T05:14:22.251Z","2018-01-21T05:14:22.251Z","5a6421ae89e0c538d057cb61"
"5a6421ae89e0c538d057cb62","Admin","Admin","5a1e148074e45239e055feb9","5a445fc407be542a7401dd0f","5a445fc407be542a7401dc20","5a445fc507be542a7401dd88","Location villa","476622850",2160000,0,0,"2018-01-21T05:14:22.251Z","2018-01-21T05:14:22.251Z","5a6421ae89e0c538d057cb62"
"5a6421ae89e0c538d057cb63","Admin","Admin","5a1e148074e45239e055feb9","5a445fc407be542a7401dd0f","5a445fc407be542a7401dc20","5a445fc507be542a7401dd88","Vacation Perçu/compt Avance","476667100",948000,0,0,"2018-01-21T05:14:22.251Z","2018-01-21T05:14:22.251Z","5a6421ae89e0c538d057cb63"
"5a6421ae89e0c538d057cb64","Admin","Admin","5a1e148074e45239e055feb9","5a445fc407be542a7401dd27","5a445fc407be542a7401dcce","5a445fc507be542a7401dd8b","Loyers Const. d'Avance","47707300",0,50000,0,"2018-01-21T05:14:22.251Z","2018-01-21T05:14:22.251Z","5a6421ae89e0c538d057cb64"
"5a6421ae89e0c538d057cb65","Admin","Admin","5a1e148074e45239e055feb9","5a445fc407be542a7401dd27","5a445fc407be542a7401dcce","5a445fc507be542a7401dd8b","Frais d'Inscription","477706130",0,1637500,0,"2018-01-21T05:14:22.251Z","2018-01-21T05:14:22.251Z","5a6421ae89e0c538d057cb65"
"5a6421ae89e0c538d057cb66","Admin","Admin","5a1e148074e45239e055feb9","5a445fc407be542a7401dd22","5a445fc407be542a7401dcb9","5a445fc507be542a7401dd8b","Fournisseurs Invest","481200",0,10226524,0,"2018-01-21T05:14:22.251Z","2018-01-21T05:14:22.251Z","5a6421ae89e0c538d057cb66"
"5a6421ae89e0c538d057cb67","Admin","Admin","5a1e148074e45239e055feb9","5a445fc407be542a7401dd0e","5a445fc407be542a7401dc77","5a445fc507be542a7401dd88","Dépréciations des comptes","491100",0,13450000,0,"2018-01-21T05:14:22.251Z","2018-01-21T05:14:22.251Z","5a6421ae89e0c538d057cb67"
"5a6421ae89e0c538d057cb68","Admin","Admin","5a1e148074e45239e055feb9","5a445fc407be542a7401dd12","5a445fc407be542a7401dc52","5a445fc507be542a7401dd88","UTB C/C","521210",382855577,0,0,"2018-01-21T05:14:22.251Z","2018-01-21T05:14:22.251Z","5a6421ae89e0c538d057cb68"
"5a6421ae89e0c538d057cb69","Admin","Admin","5a1e148074e45239e055feb9","5a445fc407be542a7401dd12","5a445fc407be542a7401dc52","5a445fc507be542a7401dd88","ECOBANK-TOGO (PGU)","521230",8807737,0,0,"2018-01-21T05:14:22.251Z","2018-01-21T05:14:22.251Z","5a6421ae89e0c538d057cb69"
"5a6421ae89e0c538d057cb6a","Admin","Admin","5a1e148074e45239e055feb9","5a445fc407be542a7401dd12","5a445fc407be542a7401dc52","5a445fc507be542a7401dd88","BIA-TG C/C","521240",9900959,0,0,"2018-01-21T05:14:22.251Z","2018-01-21T05:14:22.251Z","5a6421ae89e0c538d057cb6a"
"5a6421ae89e0c538d057cb6b","Admin","Admin","5a1e148074e45239e055feb9","5a445fc407be542a7401dd12","5a445fc407be542a7401dc52","5a445fc507be542a7401dd88","ECOBANK-TG (POLE D'EXCELLENCE)","521260",1573272,0,0,"2018-01-21T05:14:22.252Z","2018-01-21T05:14:22.252Z","5a6421ae89e0c538d057cb6b"
"5a6421ae89e0c538d057cb6c","Admin","Admin","5a1e148074e45239e055feb9","5a445fc407be542a7401dd12","5a445fc407be542a7401dc52","5a445fc507be542a7401dd88","BANK OF AFRICA (BOA) COTONOU","522200",1657475,0,0,"2018-01-21T05:14:22.252Z","2018-01-21T05:14:22.252Z","5a6421ae89e0c538d057cb6c"
"5a6421ae89e0c538d057cb6d","Admin","Admin","5a1e148074e45239e055feb9","5a445fc407be542a7401dd12","5a445fc407be542a7401dc55","5a445fc507be542a7401dd88","Caisse Revenus","570100",2550366,0,0,"2018-01-21T05:14:22.252Z","2018-01-21T05:14:22.252Z","5a6421ae89e0c538d057cb6d"
"5a6421ae89e0c538d057cb6e","Admin","Admin","5a1e148074e45239e055feb9","5a445fc407be542a7401dd12","5a445fc407be542a7401dc55","5a445fc507be542a7401dd88","Caisse menue dépenses","570300",15061,0,0,"2018-01-21T05:14:22.252Z","2018-01-21T05:14:22.252Z","5a6421ae89e0c538d057cb6e"
"5a6421ae89e0c538d057cb6f","Admin","Admin","5a1e148074e45239e055feb9","5a445fc407be542a7401dd12","5a445fc407be542a7401dc56","5a445fc507be542a7401dd88","Virement Internes","581000",0,0,0,"2018-01-21T05:14:22.252Z","2018-01-21T05:14:22.252Z","5a6421ae89e0c538d057cb6f"
"5a6421ae89e0c538d057cb70","Admin","Admin","5a1e148074e45239e055feb9","5a445fc407be542a7401dd12","5a445fc407be542a7401dc57","5a445fc507be542a7401dd88","Virement inter bancaire","582000",4250000,0,0,"2018-01-21T05:14:22.252Z","2018-01-21T05:14:22.252Z","5a6421ae89e0c538d057cb70"
"5a6421ae89e0c538d057cb71","Admin","Admin","5a1e148074e45239e055feb9","5a445fc407be542a7401dd31","5a445fc407be542a7401dc8e","5a445fc507be542a7401dd89","Linge, Vêt & Produit Entret","604300",2125950,0,0,"2018-01-21T05:14:22.252Z","2018-01-21T05:14:22.252Z","5a6421ae89e0c538d057cb71"
"5a6421ae89e0c538d057cb72","Admin","Admin","5a1e148074e45239e055feb9","5a445fc407be542a7401dd31","5a445fc407be542a7401dc8e","5a445fc507be542a7401dd89","Fournitures de Bureau","604710",2624814,0,0,"2018-01-21T05:14:22.252Z","2018-01-21T05:14:22.252Z","5a6421ae89e0c538d057cb72"
"5a6421ae89e0c538d057cb73","Admin","Admin","5a1e148074e45239e055feb9","5a445fc407be542a7401dd31","5a445fc407be542a7401dc8e","5a445fc507be542a7401dd89","Fournitures Informatiques","604720",2313000,0,0,"2018-01-21T05:14:22.252Z","2018-01-21T05:14:22.252Z","5a6421ae89e0c538d057cb73"
"5a6421ae89e0c538d057cb74","Admin","Admin","5a1e148074e45239e055feb9","5a445fc407be542a7401dd31","5a445fc407be542a7401dc8f","5a445fc507be542a7401dd89","Eau-Cité","605110",2676660,0,0,"2018-01-21T05:14:22.252Z","2018-01-21T05:14:22.252Z","5a6421ae89e0c538d057cb74"
"5a6421ae89e0c538d057cb75","Admin","Admin","5a1e148074e45239e055feb9","5a445fc407be542a7401dd31","5a445fc407be542a7401dc8f","5a445fc507be542a7401dd89","Eau-Direction","605120",205805,0,0,"2018-01-21T05:14:22.253Z","2018-01-21T05:14:22.253Z","5a6421ae89e0c538d057cb75"
"5a6421ae89e0c538d057cb76","Admin","Admin","5a1e148074e45239e055feb9","5a445fc407be542a7401dd31","5a445fc407be542a7401dc8f","5a445fc507be542a7401dd89","Eau Villa Etudiant","605130",2093959,0,0,"2018-01-21T05:14:22.253Z","2018-01-21T05:14:22.253Z","5a6421ae89e0c538d057cb76"
"5a6421ae89e0c538d057cb77","Admin","Admin","5a1e148074e45239e055feb9","5a445fc407be542a7401dd31","5a445fc407be542a7401dc8f","5a445fc507be542a7401dd89","Eau Villa EAMAU","605140",81652,0,0,"2018-01-21T05:14:22.253Z","2018-01-21T05:14:22.253Z","5a6421ae89e0c538d057cb77"
"5a6421ae89e0c538d057cb78","Admin","Admin","5a1e148074e45239e055feb9","5a445fc407be542a7401dd31","5a445fc407be542a7401dc8f","5a445fc507be542a7401dd89","Electricité-Cité","605210",9414488,0,0,"2018-01-21T05:14:22.253Z","2018-01-21T05:14:22.253Z","5a6421ae89e0c538d057cb78"
"5a6421ae89e0c538d057cb79","Admin","Admin","5a1e148074e45239e055feb9","5a445fc407be542a7401dd31","5a445fc407be542a7401dc8f","5a445fc507be542a7401dd89","Electricité Direction","605220",3901389,0,0,"2018-01-21T05:14:22.253Z","2018-01-21T05:14:22.253Z","5a6421ae89e0c538d057cb79"
"5a6421ae89e0c538d057cb7a","Admin","Admin","5a1e148074e45239e055feb9","5a445fc407be542a7401dd31","5a445fc407be542a7401dc8f","5a445fc507be542a7401dd89","Electricité Villa Etudiant","605230",1845055,0,0,"2018-01-21T05:14:22.253Z","2018-01-21T05:14:22.253Z","5a6421ae89e0c538d057cb7a"
"5a6421ae89e0c538d057cb7b","Admin","Admin","5a1e148074e45239e055feb9","5a445fc407be542a7401dd31","5a445fc407be542a7401dc8f","5a445fc507be542a7401dd89","Electricité Villa EAMAU","605240",277390,0,0,"2018-01-21T05:14:22.253Z","2018-01-21T05:14:22.253Z","5a6421ae89e0c538d057cb7b"
"5a6421ae89e0c538d057cb7c","Admin","Admin","5a1e148074e45239e055feb9","5a445fc407be542a7401dd31","5a445fc407be542a7401dc8f","5a445fc507be542a7401dd89","Carburant & Lubrifiant","605300",11876563,0,0,"2018-01-21T05:14:22.253Z","2018-01-21T05:14:22.253Z","5a6421ae89e0c538d057cb7c"
"5a6421ae89e0c538d057cb7d","Admin","Admin","5a1e148074e45239e055feb9","5a445fc407be542a7401dd31","5a445fc407be542a7401dc8f","5a445fc507be542a7401dd89","Manuels & Fourn. Scol. & Péd.","605500",311830,0,0,"2018-01-21T05:14:22.253Z","2018-01-21T05:14:22.253Z","5a6421ae89e0c538d057cb7d"
"5a6421ae89e0c538d057cb7e","Admin","Admin","5a1e148074e45239e055feb9","5a445fc407be542a7401dd33","5a445fc407be542a7401dc92","5a445fc507be542a7401dd89","Frais Transport Personnel","614100",729700,0,0,"2018-01-21T05:14:22.253Z","2018-01-21T05:14:22.253Z","5a6421ae89e0c538d057cb7e"
"5a6421ae89e0c538d057cb7f","Admin","Admin","5a1e148074e45239e055feb9","5a445fc407be542a7401dd33","5a445fc407be542a7401dc92","5a445fc507be542a7401dd89","Transport de plis : EMS, DHL","616200",1251100,0,0,"2018-01-21T05:14:22.254Z","2018-01-21T05:14:22.254Z","5a6421ae89e0c538d057cb7f"
"5a6421ae89e0c538d057cb80","Admin","Admin","5a1e148074e45239e055feb9","5a445fc407be542a7401dd33","5a445fc407be542a7401dc92","5a445fc507be542a7401dd89","Transp/Miss-Etud. Enseign","618110",330750,0,0,"2018-01-21T05:14:22.254Z","2018-01-21T05:14:22.254Z","5a6421ae89e0c538d057cb80"
"5a6421ae89e0c538d057cb81","Admin","Admin","5a1e148074e45239e055feb9","5a445fc407be542a7401dd33","5a445fc407be542a7401dc92","5a445fc507be542a7401dd89","Transp/Miss-Pers Admi","618120",18403307,0,0,"2018-01-21T05:14:22.254Z","2018-01-21T05:14:22.254Z","5a6421ae89e0c538d057cb81"
"5a6421ae89e0c538d057cb82","Admin","Admin","5a1e148074e45239e055feb9","5a445fc407be542a7401dd33","5a445fc407be542a7401dc92","5a445fc507be542a7401dd89","Transp/Pers Expat., Admi, Expert","618300",25711715,0,0,"2018-01-21T05:14:22.255Z","2018-01-21T05:14:22.255Z","5a6421ae89e0c538d057cb82"
"5a6421ae89e0c538d057cb83","Admin","Admin","5a1e148074e45239e055feb9","5a445fc407be542a7401dd34","5a445fc407be542a7401dc93","5a445fc507be542a7401dd89","Locat & Charges Locat Diver","622600",11167390,0,0,"2018-01-21T05:14:22.255Z","2018-01-21T05:14:22.255Z","5a6421ae89e0c538d057cb83"
"5a6421ae89e0c538d057cb84","Admin","Admin","5a1e148074e45239e055feb9","5a445fc407be542a7401dd34","5a445fc407be542a7401dc93","5a445fc507be542a7401dd89","Location Matériel","622700",2732054,0,0,"2018-01-21T05:14:22.255Z","2018-01-21T05:14:22.255Z","5a6421ae89e0c538d057cb84"
"5a6421ae89e0c538d057cb85","Admin","Admin","5a1e148074e45239e055feb9","5a445fc407be542a7401dd34","5a445fc407be542a7401dc93","5a445fc507be542a7401dd89","Autres Charges Locatives","622800",2286800,0,0,"2018-01-21T05:14:22.256Z","2018-01-21T05:14:22.256Z","5a6421ae89e0c538d057cb85"
"5a6421ae89e0c538d057cb86","Admin","Admin","5a1e148074e45239e055feb9","5a445fc407be542a7401dd34","5a445fc407be542a7401dc93","5a445fc507be542a7401dd89","Locations Villa","622850",6240000,0,0,"2018-01-21T05:14:22.256Z","2018-01-21T05:14:22.256Z","5a6421ae89e0c538d057cb86"
"5a6421ae89e0c538d057cb87","Admin","Admin","5a1e148074e45239e055feb9","5a445fc407be542a7401dd34","5a445fc407be542a7401dc93","5a445fc507be542a7401dd89","Entret. & Répar. Biens Immob.","624100",8595175,0,0,"2018-01-21T05:14:22.256Z","2018-01-21T05:14:22.256Z","5a6421ae89e0c538d057cb87"
"5a6421ae89e0c538d057cb88","Admin","Admin","5a1e148074e45239e055feb9","5a445fc407be542a7401dd34","5a445fc407be542a7401dc93","5a445fc507be542a7401dd89","Entret. & Répart. Mobil. Bureau","624200",609800,0,0,"2018-01-21T05:14:22.256Z","2018-01-21T05:14:22.256Z","5a6421ae89e0c538d057cb88"
"5a6421ae89e0c538d057cb89","Admin","Admin","5a1e148074e45239e055feb9","5a445fc407be542a7401dd34","5a445fc407be542a7401dc93","5a445fc507be542a7401dd89","Entret. & Répar. Mob de Loge","624300",472000,0,0,"2018-01-21T05:14:22.256Z","2018-01-21T05:14:22.256Z","5a6421ae89e0c538d057cb89"
"5a6421ae89e0c538d057cb8a","Admin","Admin","5a1e148074e45239e055feb9","5a445fc407be542a7401dd34","5a445fc407be542a7401dc93","5a445fc507be542a7401dd89","Entretien & Répart. Màb Pédag","624320",40000,0,0,"2018-01-21T05:14:22.256Z","2018-01-21T05:14:22.256Z","5a6421ae89e0c538d057cb8a"
"5a6421ae89e0c538d057cb8b","Admin","Admin","5a1e148074e45239e055feb9","5a445fc407be542a7401dd34","5a445fc407be542a7401dc93","5a445fc507be542a7401dd89","Entret. & Réparat. Mat Informa","624820",516600,0,0,"2018-01-21T05:14:22.256Z","2018-01-21T05:14:22.256Z","5a6421ae89e0c538d057cb8b"
"5a6421ae89e0c538d057cb8c","Admin","Admin","5a1e148074e45239e055feb9","5a445fc407be542a7401dd34","5a445fc407be542a7401dc93","5a445fc507be542a7401dd89","Entretien Logiciel","624825",311000,0,0,"2018-01-21T05:14:22.256Z","2018-01-21T05:14:22.256Z","5a6421ae89e0c538d057cb8c"
"5a6421ae89e0c538d057cb8d","Admin","Admin","5a1e148074e45239e055feb9","5a445fc407be542a7401dd34","5a445fc407be542a7401dc93","5a445fc507be542a7401dd89","Entret. & Réparat. Mat Pédag","624830",-35000,0,0,"2018-01-21T05:14:22.256Z","2018-01-21T05:14:22.256Z","5a6421ae89e0c538d057cb8d"
"5a6421ae89e0c538d057cb8e","Admin","Admin","5a1e148074e45239e055feb9","5a445fc407be542a7401dd34","5a445fc407be542a7401dc93","5a445fc507be542a7401dd89","Entret. & Répar. Mat Transp","624850",7931962,0,0,"2018-01-21T05:14:22.256Z","2018-01-21T05:14:22.256Z","5a6421ae89e0c538d057cb8e"
"5a6421ae89e0c538d057cb8f","Admin","Admin","5a1e148074e45239e055feb9","5a445fc407be542a7401dd34","5a445fc407be542a7401dc93","5a445fc507be542a7401dd89","Entret. & Répar. Climatiseur","624860",950300,0,0,"2018-01-21T05:14:22.257Z","2018-01-21T05:14:22.257Z","5a6421ae89e0c538d057cb8f"
"5a6421ae89e0c538d057cb90","Admin","Admin","5a1e148074e45239e055feb9","5a445fc407be542a7401dd34","5a445fc407be542a7401dc93","5a445fc507be542a7401dd89","Entret & Rép. Mat Bureautique","624870",185900,0,0,"2018-01-21T05:14:22.257Z","2018-01-21T05:14:22.257Z","5a6421ae89e0c538d057cb90"
"5a6421ae89e0c538d057cb91","Admin","Admin","5a1e148074e45239e055feb9","5a445fc407be542a7401dd34","5a445fc407be542a7401dc93","5a445fc507be542a7401dd89","Assur Matériel de Transport","625200",1658330,0,0,"2018-01-21T05:14:22.257Z","2018-01-21T05:14:22.257Z","5a6421ae89e0c538d057cb91"
"5a6421ae89e0c538d057cb92","Admin","Admin","5a1e148074e45239e055feb9","5a445fc407be542a7401dd34","5a445fc407be542a7401dc93","5a445fc507be542a7401dd89","Aut Primes d'Assurances","625800",4078110,0,0,"2018-01-21T05:14:22.257Z","2018-01-21T05:14:22.257Z","5a6421ae89e0c538d057cb92"
"5a6421ae89e0c538d057cb93","Admin","Admin","5a1e148074e45239e055feb9","5a445fc407be542a7401dd34","5a445fc407be542a7401dc93","5a445fc507be542a7401dd89","Frais d'étude & de recherche","626100",2360776,0,0,"2018-01-21T05:14:22.257Z","2018-01-21T05:14:22.257Z","5a6421ae89e0c538d057cb93"
"5a6421ae89e0c538d057cb94","Admin","Admin","5a1e148074e45239e055feb9","5a445fc407be542a7401dd34","5a445fc407be542a7401dc93","5a445fc507be542a7401dd89","Documentation Générale","626500",216433,0,0,"2018-01-21T05:14:22.257Z","2018-01-21T05:14:22.257Z","5a6421ae89e0c538d057cb94"
"5a6421ae89e0c538d057cb95","Admin","Admin","5a1e148074e45239e055feb9","5a445fc407be542a7401dd34","5a445fc407be542a7401dc93","5a445fc507be542a7401dd89","Avis & Annonces","627100",2280000,0,0,"2018-01-21T05:14:22.257Z","2018-01-21T05:14:22.257Z","5a6421ae89e0c538d057cb95"
"5a6421ae89e0c538d057cb96","Admin","Admin","5a1e148074e45239e055feb9","5a445fc407be542a7401dd34","5a445fc407be542a7401dc93","5a445fc507be542a7401dd89","Imprimés publicitaires","627200",160000,0,0,"2018-01-21T05:14:22.258Z","2018-01-21T05:14:22.258Z","5a6421ae89e0c538d057cb96"
"5a6421ae89e0c538d057cb97","Admin","Admin","5a1e148074e45239e055feb9","5a445fc407be542a7401dd34","5a445fc407be542a7401dc93","5a445fc507be542a7401dd89","Frais de Réception, Direction","627700",9426215,0,0,"2018-01-21T05:14:22.258Z","2018-01-21T05:14:22.258Z","5a6421ae89e0c538d057cb97"
"5a6421ae89e0c538d057cb98","Admin","Admin","5a1e148074e45239e055feb9","5a445fc407be542a7401dd34","5a445fc407be542a7401dc93","5a445fc507be542a7401dd89","Aut charges pub. & relat. pub","627800",11171100,0,0,"2018-01-21T05:14:22.258Z","2018-01-21T05:14:22.258Z","5a6421ae89e0c538d057cb98"
"5a6421ae89e0c538d057cb99","Admin","Admin","5a1e148074e45239e055feb9","5a445fc407be542a7401dd34","5a445fc407be542a7401dc93","5a445fc507be542a7401dd89","Frais de téléphone","628100",9158277,0,0,"2018-01-21T05:14:22.258Z","2018-01-21T05:14:22.258Z","5a6421ae89e0c538d057cb99"
"5a6421ae89e0c538d057cb9a","Admin","Admin","5a1e148074e45239e055feb9","5a445fc407be542a7401dd34","5a445fc407be542a7401dc93","5a445fc507be542a7401dd89","Frais de télécopie(Fax)","628300",853570,0,0,"2018-01-21T05:14:22.258Z","2018-01-21T05:14:22.258Z","5a6421ae89e0c538d057cb9a"
"5a6421ae89e0c538d057cb9b","Admin","Admin","5a1e148074e45239e055feb9","5a445fc407be542a7401dd34","5a445fc407be542a7401dc93","5a445fc507be542a7401dd89","Achats Timbres Poste(Affranchis)","628400",163400,0,0,"2018-01-21T05:14:22.258Z","2018-01-21T05:14:22.258Z","5a6421ae89e0c538d057cb9b"
"5a6421ae89e0c538d057cb9c","Admin","Admin","5a1e148074e45239e055feb9","5a445fc407be542a7401dd34","5a445fc407be542a7401dc93","5a445fc507be542a7401dd89","Autres frais télecom","628800",3472480,0,0,"2018-01-21T05:14:22.258Z","2018-01-21T05:14:22.258Z","5a6421ae89e0c538d057cb9c"
"5a6421ae89e0c538d057cb9d","Admin","Admin","5a1e148074e45239e055feb9","5a445fc407be542a7401dd34","5a445fc407be542a7401dc94","5a445fc507be542a7401dd89","Frais Opérations Bancaires","631000",1289854,0,0,"2018-01-21T05:14:22.258Z","2018-01-21T05:14:22.258Z","5a6421ae89e0c538d057cb9d"
"5a6421ae89e0c538d057cb9e","Admin","Admin","5a1e148074e45239e055feb9","5a445fc407be542a7401dd34","5a445fc407be542a7401dc94","5a445fc507be542a7401dd89","Rémunération des Transitaires","632300",2137900,0,0,"2018-01-21T05:14:22.258Z","2018-01-21T05:14:22.258Z","5a6421ae89e0c538d057cb9e"
"5a6421ae89e0c538d057cb9f","Admin","Admin","5a1e148074e45239e055feb9","5a445fc407be542a7401dd34","5a445fc407be542a7401dc94","5a445fc507be542a7401dd89","Honoraires Consultants","632400",6688900,0,0,"2018-01-21T05:14:22.258Z","2018-01-21T05:14:22.258Z","5a6421ae89e0c538d057cb9f"
"5a6421ae89e0c538d057cba0","Admin","Admin","5a1e148074e45239e055feb9","5a445fc407be542a7401dd34","5a445fc407be542a7401dc94","5a445fc507be542a7401dd89","Divers frais(réuin, conseil stat)","632800",30422140,0,0,"2018-01-21T05:14:22.259Z","2018-01-21T05:14:22.259Z","5a6421ae89e0c538d057cba0"
"5a6421ae89e0c538d057cba1","Admin","Admin","5a1e148074e45239e055feb9","5a445fc407be542a7401dd34","5a445fc407be542a7401dc94","5a445fc507be542a7401dd89","Rémunér.:Interm, Trav Etudes","632900",26860250,0,0,"2018-01-21T05:14:22.259Z","2018-01-21T05:14:22.259Z","5a6421ae89e0c538d057cba1"
"5a6421ae89e0c538d057cba2","Admin","Admin","5a1e148074e45239e055feb9","5a445fc407be542a7401dd34","5a445fc407be542a7401dc94","5a445fc507be542a7401dd89","Frais de Formation Personnel","633100",2026821,0,0,"2018-01-21T05:14:22.259Z","2018-01-21T05:14:22.259Z","5a6421ae89e0c538d057cba2"
"5a6421ae89e0c538d057cba3","Admin","Admin","5a1e148074e45239e055feb9","5a445fc407be542a7401dd34","5a445fc407be542a7401dc94","5a445fc507be542a7401dd89","Réception : Frais Souten. Diplome","638320",10085500,0,0,"2018-01-21T05:14:22.259Z","2018-01-21T05:14:22.259Z","5a6421ae89e0c538d057cba3"
"5a6421ae89e0c538d057cba4","Admin","Admin","5a1e148074e45239e055feb9","5a445fc407be542a7401dd34","5a445fc407be542a7401dc94","5a445fc507be542a7401dd89","Mission : Perdiem Personnel EAMAU","638410",38621405,0,0,"2018-01-21T05:14:22.259Z","2018-01-21T05:14:22.259Z","5a6421ae89e0c538d057cba4"
"5a6421ae89e0c538d057cba5","Admin","Admin","5a1e148074e45239e055feb9","5a445fc407be542a7401dd34","5a445fc407be542a7401dc94","5a445fc507be542a7401dd89","Mission : Perdiem Admistrateur, Exp","638420",9730000,0,0,"2018-01-21T05:14:22.259Z","2018-01-21T05:14:22.259Z","5a6421ae89e0c538d057cba5"
"5a6421ae89e0c538d057cba6","Admin","Admin","5a1e148074e45239e055feb9","5a445fc407be542a7401dd34","5a445fc407be542a7401dc94","5a445fc507be542a7401dd89","Missions : Perdiem Etudiants","638430",1149600,0,0,"2018-01-21T05:14:22.259Z","2018-01-21T05:14:22.259Z","5a6421ae89e0c538d057cba6"
"5a6421ae89e0c538d057cba7","Admin","Admin","5a1e148074e45239e055feb9","5a445fc407be542a7401dd34","5a445fc407be542a7401dc94","5a445fc507be542a7401dd89","Missions Enseignant","638440",260125,0,0,"2018-01-21T05:14:22.259Z","2018-01-21T05:14:22.259Z","5a6421ae89e0c538d057cba7"
"5a6421ae89e0c538d057cba8","Admin","Admin","5a1e148074e45239e055feb9","5a445fc407be542a7401dd34","5a445fc407be542a7401dc94","5a445fc507be542a7401dd89","Frais de recouvrement","638600",5800000,0,0,"2018-01-21T05:14:22.259Z","2018-01-21T05:14:22.259Z","5a6421ae89e0c538d057cba8"
"5a6421ae89e0c538d057cba9","Admin","Admin","5a1e148074e45239e055feb9","5a445fc407be542a7401dd35","5a445fc407be542a7401dc95","5a445fc507be542a7401dd89","Autres impots & taxes directs","641800",1126559,0,0,"2018-01-21T05:14:22.259Z","2018-01-21T05:14:22.259Z","5a6421ae89e0c538d057cba9"
"5a6421ae89e0c538d057cbaa","Admin","Admin","5a1e148074e45239e055feb9","5a445fc407be542a7401dd35","5a445fc407be542a7401dc95","5a445fc507be542a7401dd89","Autres droits","646800",489000,0,0,"2018-01-21T05:14:22.259Z","2018-01-21T05:14:22.259Z","5a6421ae89e0c538d057cbaa"
"5a6421ae89e0c538d057cbab","Admin","Admin","5a1e148074e45239e055feb9","5a445fc407be542a7401dd36","5a445fc407be542a7401dc96","5a445fc507be542a7401dd89","Jetons prés & rémun. Adminis","658100",1770000,0,0,"2018-01-21T05:14:22.260Z","2018-01-21T05:14:22.260Z","5a6421ae89e0c538d057cbab"
"5a6421ae89e0c538d057cbac","Admin","Admin","5a1e148074e45239e055feb9","5a445fc407be542a7401dd36","5a445fc407be542a7401dc96","5a445fc507be542a7401dd89","Subventions, Dons","658200",8869349,0,0,"2018-01-21T05:14:22.260Z","2018-01-21T05:14:22.260Z","5a6421ae89e0c538d057cbac"
"5a6421ae89e0c538d057cbad","Admin","Admin","5a1e148074e45239e055feb9","5a445fc407be542a7401dd37","5a445fc407be542a7401dc86","5a445fc507be542a7401dd89","Appoint, Salaires & Commisn","661100",50358982,0,0,"2018-01-21T05:14:22.260Z","2018-01-21T05:14:22.260Z","5a6421ae89e0c538d057cbad"
"5a6421ae89e0c538d057cbae","Admin","Admin","5a1e148074e45239e055feb9","5a445fc407be542a7401dd37","5a445fc407be542a7401dc86","5a445fc507be542a7401dd89","Primes de rendement","661200",7433205,0,0,"2018-01-21T05:14:22.260Z","2018-01-21T05:14:22.260Z","5a6421ae89e0c538d057cbae"
"5a6421ae89e0c538d057cbaf","Admin","Admin","5a1e148074e45239e055feb9","5a445fc407be542a7401dd37","5a445fc407be542a7401dc86","5a445fc507be542a7401dd89","Prime Spéciale de Fonction","661300",10680000,0,0,"2018-01-21T05:14:22.260Z","2018-01-21T05:14:22.260Z","5a6421ae89e0c538d057cbaf"
"5a6421ae89e0c538d057cbb0","Admin","Admin","5a1e148074e45239e055feb9","5a445fc407be542a7401dd37","5a445fc407be542a7401dc86","5a445fc507be542a7401dd89","Allocations Familiales","661600",216000,0,0,"2018-01-21T05:14:22.260Z","2018-01-21T05:14:22.260Z","5a6421ae89e0c538d057cbb0"
"5a6421ae89e0c538d057cbb1","Admin","Admin","5a1e148074e45239e055feb9","5a445fc407be542a7401dd37","5a445fc407be542a7401dc86","5a445fc507be542a7401dd89","Indemnité de transport","661800",5520000,0,0,"2018-01-21T05:14:22.260Z","2018-01-21T05:14:22.260Z","5a6421ae89e0c538d057cbb1"
"5a6421ae89e0c538d057cbb2","Admin","Admin","5a1e148074e45239e055feb9","5a445fc407be542a7401dd37","5a445fc407be542a7401dc86","5a445fc507be542a7401dd89","Appoint, Salaire & Commis","662100",29429896,0,0,"2018-01-21T05:14:22.260Z","2018-01-21T05:14:22.260Z","5a6421ae89e0c538d057cbb2"
"5a6421ae89e0c538d057cbb3","Admin","Admin","5a1e148074e45239e055feb9","5a445fc407be542a7401dd37","5a445fc407be542a7401dc86","5a445fc507be542a7401dd89","Prime de rendement","662200",5472087,0,0,"2018-01-21T05:14:22.260Z","2018-01-21T05:14:22.260Z","5a6421ae89e0c538d057cbb3"
"5a6421ae89e0c538d057cbb4","Admin","Admin","5a1e148074e45239e055feb9","5a445fc407be542a7401dd37","5a445fc407be542a7401dc86","5a445fc507be542a7401dd89","Prime Spéciale de Fonction","662300",9300000,0,0,"2018-01-21T05:14:22.260Z","2018-01-21T05:14:22.260Z","5a6421ae89e0c538d057cbb4"
"5a6421ae89e0c538d057cbb5","Admin","Admin","5a1e148074e45239e055feb9","5a445fc407be542a7401dd37","5a445fc407be542a7401dc86","5a445fc507be542a7401dd89","Allocations Familiales","662600",312000,0,0,"2018-01-21T05:14:22.261Z","2018-01-21T05:14:22.261Z","5a6421ae89e0c538d057cbb5"
"5a6421ae89e0c538d057cbb6","Admin","Admin","5a1e148074e45239e055feb9","5a445fc407be542a7401dd37","5a445fc407be542a7401dc86","5a445fc507be542a7401dd89","Indemnité de transport","662800",1440000,0,0,"2018-01-21T05:14:22.261Z","2018-01-21T05:14:22.261Z","5a6421ae89e0c538d057cbb6"
"5a6421ae89e0c538d057cbb7","Admin","Admin","5a1e148074e45239e055feb9","5a445fc407be542a7401dd37","5a445fc407be542a7401dc86","5a445fc507be542a7401dd89","Indemnité de Logement","663100",14616000,0,0,"2018-01-21T05:14:22.261Z","2018-01-21T05:14:22.261Z","5a6421ae89e0c538d057cbb7"
"5a6421ae89e0c538d057cbb8","Admin","Admin","5a1e148074e45239e055feb9","5a445fc407be542a7401dd37","5a445fc407be542a7401dc86","5a445fc507be542a7401dd89","Indemnité de Caisse","663820",440000,0,0,"2018-01-21T05:14:22.261Z","2018-01-21T05:14:22.261Z","5a6421ae89e0c538d057cbb8"
"5a6421ae89e0c538d057cbb9","Admin","Admin","5a1e148074e45239e055feb9","5a445fc407be542a7401dd37","5a445fc407be542a7401dc86","5a445fc507be542a7401dd89","Indemnité de Résidence","663850",5266032,0,0,"2018-01-21T05:14:22.261Z","2018-01-21T05:14:22.261Z","5a6421ae89e0c538d057cbb9"
"5a6421ae89e0c538d057cbba","Admin","Admin","5a1e148074e45239e055feb9","5a445fc407be542a7401dd37","5a445fc407be542a7401dc86","5a445fc507be542a7401dd89","Prime Service Prolongé","663860",360000,0,0,"2018-01-21T05:14:22.261Z","2018-01-21T05:14:22.261Z","5a6421ae89e0c538d057cbba"
"5a6421ae89e0c538d057cbbb","Admin","Admin","5a1e148074e45239e055feb9","5a445fc407be542a7401dd37","5a445fc407be542a7401dc86","5a445fc507be542a7401dd89","Indemnité de congé","663875",3159402,0,0,"2018-01-21T05:14:22.261Z","2018-01-21T05:14:22.261Z","5a6421ae89e0c538d057cbbb"
"5a6421ae89e0c538d057cbbc","Admin","Admin","5a1e148074e45239e055feb9","5a445fc407be542a7401dd37","5a445fc407be542a7401dc86","5a445fc507be542a7401dd89","Prime de responsabilité","663880",1328220,0,0,"2018-01-21T05:14:22.261Z","2018-01-21T05:14:22.261Z","5a6421ae89e0c538d057cbbc"
"5a6421ae89e0c538d057cbbd","Admin","Admin","5a1e148074e45239e055feb9","5a445fc407be542a7401dd37","5a445fc407be542a7401dc86","5a445fc507be542a7401dd89","Indemnité de Logement","663910",9180000,0,0,"2018-01-21T05:14:22.261Z","2018-01-21T05:14:22.261Z","5a6421ae89e0c538d057cbbd"
"5a6421ae89e0c538d057cbbe","Admin","Admin","5a1e148074e45239e055feb9","5a445fc407be542a7401dd37","5a445fc407be542a7401dc86","5a445fc507be542a7401dd89","Indemnité de Représentation","663920",3840000,0,0,"2018-01-21T05:14:22.261Z","2018-01-21T05:14:22.261Z","5a6421ae89e0c538d057cbbe"
"5a6421ae89e0c538d057cbbf","Admin","Admin","5a1e148074e45239e055feb9","5a445fc407be542a7401dd37","5a445fc407be542a7401dc86","5a445fc507be542a7401dd89","Indemnité d'Expatriation","663930",6657636,0,0,"2018-01-21T05:14:22.262Z","2018-01-21T05:14:22.262Z","5a6421ae89e0c538d057cbbf"
"5a6421ae89e0c538d057cbc0","Admin","Admin","5a1e148074e45239e055feb9","5a445fc407be542a7401dd37","5a445fc407be542a7401dc86","5a445fc507be542a7401dd89","Indemnité Cessation de Service","663960",107894539,0,0,"2018-01-21T05:14:22.262Z","2018-01-21T05:14:22.262Z","5a6421ae89e0c538d057cbc0"
"5a6421ae89e0c538d057cbc1","Admin","Admin","5a1e148074e45239e055feb9","5a445fc407be542a7401dd37","5a445fc407be542a7401dc86","5a445fc507be542a7401dd89","Indemnité de congé","663975",3772355,0,0,"2018-01-21T05:14:22.262Z","2018-01-21T05:14:22.262Z","5a6421ae89e0c538d057cbc1"
"5a6421ae89e0c538d057cbc2","Admin","Admin","5a1e148074e45239e055feb9","5a445fc407be542a7401dd37","5a445fc407be542a7401dc86","5a445fc507be542a7401dd89","Indemnité Résidence","663980",2995932,0,0,"2018-01-21T05:14:22.262Z","2018-01-21T05:14:22.262Z","5a6421ae89e0c538d057cbc2"
"5a6421ae89e0c538d057cbc3","Admin","Admin","5a1e148074e45239e055feb9","5a445fc407be542a7401dd37","5a445fc407be542a7401dc86","5a445fc507be542a7401dd89","Prime d'Audit","663990",2352996,0,0,"2018-01-21T05:14:22.262Z","2018-01-21T05:14:22.262Z","5a6421ae89e0c538d057cbc3"
"5a6421ae89e0c538d057cbc4","Admin","Admin","5a1e148074e45239e055feb9","5a445fc407be542a7401dd37","5a445fc407be542a7401dc86","5a445fc507be542a7401dd89","Prime de coordination","663995",439440,0,0,"2018-01-21T05:14:22.262Z","2018-01-21T05:14:22.262Z","5a6421ae89e0c538d057cbc4"
"5a6421ae89e0c538d057cbc5","Admin","Admin","5a1e148074e45239e055feb9","5a445fc407be542a7401dd37","5a445fc407be542a7401dc86","5a445fc507be542a7401dd89","Charges Soc./rémun.,  national","664100",7202190,0,0,"2018-01-21T05:14:22.262Z","2018-01-21T05:14:22.262Z","5a6421ae89e0c538d057cbc5"
"5a6421ae89e0c538d057cbc6","Admin","Admin","5a1e148074e45239e055feb9","5a445fc407be542a7401dd37","5a445fc407be542a7401dc86","5a445fc507be542a7401dd89","Charges Soc./rémun.,  non nati","664200",628824,0,0,"2018-01-21T05:14:22.262Z","2018-01-21T05:14:22.262Z","5a6421ae89e0c538d057cbc6"
"5a6421ae89e0c538d057cbc7","Admin","Admin","5a1e148074e45239e055feb9","5a445fc407be542a7401dd37","5a445fc407be542a7401dc86","5a445fc507be542a7401dd89","Rém. Vacataires Missionnaire","667100",29707050,0,0,"2018-01-21T05:14:22.262Z","2018-01-21T05:14:22.262Z","5a6421ae89e0c538d057cbc7"
"5a6421ae89e0c538d057cbc8","Admin","Admin","5a1e148074e45239e055feb9","5a445fc407be542a7401dd37","5a445fc407be542a7401dc86","5a445fc507be542a7401dd89","Indemnité de Prestations","667200",13010500,0,0,"2018-01-21T05:14:22.262Z","2018-01-21T05:14:22.262Z","5a6421ae89e0c538d057cbc8"
"5a6421ae89e0c538d057cbc9","Admin","Admin","5a1e148074e45239e055feb9","5a445fc407be542a7401dd37","5a445fc407be542a7401dc86","5a445fc507be542a7401dd89","Remb. Frais Médic., Nationaux","668100",3763477,0,0,"2018-01-21T05:14:22.263Z","2018-01-21T05:14:22.263Z","5a6421ae89e0c538d057cbc9"
"5a6421ae89e0c538d057cbca","Admin","Admin","5a1e148074e45239e055feb9","5a445fc407be542a7401dd37","5a445fc407be542a7401dc86","5a445fc507be542a7401dd89","Remb. Frais Médic., Expatriés","668200",39273,0,0,"2018-01-21T05:14:22.263Z","2018-01-21T05:14:22.263Z","5a6421ae89e0c538d057cbca"
"5a6421ae89e0c538d057cbcb","Admin","Admin","5a1e148074e45239e055feb9","5a445fc407be542a7401dd37","5a445fc407be542a7401dc86","5a445fc507be542a7401dd89","Remb. Frais Scol., Nationaux","668300",1236377,0,0,"2018-01-21T05:14:22.263Z","2018-01-21T05:14:22.263Z","5a6421ae89e0c538d057cbcb"
"5a6421ae89e0c538d057cbcc","Admin","Admin","5a1e148074e45239e055feb9","5a445fc407be542a7401dd37","5a445fc407be542a7401dc86","5a445fc507be542a7401dd89","Remb. Frais Scol., Expatriés","668400",551279,0,0,"2018-01-21T05:14:22.263Z","2018-01-21T05:14:22.263Z","5a6421ae89e0c538d057cbcc"
"5a6421ae89e0c538d057cbcd","Admin","Admin","5a1e148074e45239e055feb9","5a445fc407be542a7401dd37","5a445fc407be542a7401dc86","5a445fc507be542a7401dd89","Produits Pharmaceutiques","668450",143860,0,0,"2018-01-21T05:14:22.263Z","2018-01-21T05:14:22.263Z","5a6421ae89e0c538d057cbcd"
"5a6421ae89e0c538d057cbce","Admin","Admin","5a1e148074e45239e055feb9","5a445fc407be542a7401dd37","5a445fc407be542a7401dc86","5a445fc507be542a7401dd89","Titres Transp. Statutaires","668500",1400000,0,0,"2018-01-21T05:14:22.263Z","2018-01-21T05:14:22.263Z","5a6421ae89e0c538d057cbce"
"5a6421ae89e0c538d057cbcf","Admin","Admin","5a1e148074e45239e055feb9","5a445fc407be542a7401dd37","5a445fc407be542a7401dc86","5a445fc507be542a7401dd89","Autres Charges Sociales","668550",25625345,0,0,"2018-01-21T05:14:22.263Z","2018-01-21T05:14:22.263Z","5a6421ae89e0c538d057cbcf"
"5a6421ae89e0c538d057cbd0","Admin","Admin","5a1e148074e45239e055feb9","5a445fc407be542a7401dd38","5a445fc407be542a7401dc97","5a445fc507be542a7401dd89","Dotat aux amorts. Immob. Corpor","681200",51936817,0,0,"2018-01-21T05:14:22.263Z","2018-01-21T05:14:22.263Z","5a6421ae89e0c538d057cbd0"
"5a6421ae89e0c538d057cbd1","Admin","Admin","5a1e148074e45239e055feb9","5a445fc407be542a7401dd38","5a445fc407be542a7401dc97","5a445fc507be542a7401dd89","Dotat aux Amorts. Mat. Inform","681220",9265843,0,0,"2018-01-21T05:14:22.263Z","2018-01-21T05:14:22.263Z","5a6421ae89e0c538d057cbd1"
"5a6421ae89e0c538d057cbd2","Admin","Admin","5a1e148074e45239e055feb9","5a445fc407be542a7401dd38","5a445fc407be542a7401dc97","5a445fc507be542a7401dd89","Dotat aux amorts Immob. Incorp.","681300",900,0,0,"2018-01-21T05:14:22.263Z","2018-01-21T05:14:22.263Z","5a6421ae89e0c538d057cbd2"
"5a6421ae89e0c538d057cbd3","Admin","Admin","5a1e148074e45239e055feb9","5a445fc407be542a7401dd38","5a445fc407be542a7401dc98","5a445fc507be542a7401dd89","Provis  Risques & Charges","691100",23001738,0,0,"2018-01-21T05:14:22.264Z","2018-01-21T05:14:22.264Z","5a6421ae89e0c538d057cbd3"
"5a6421ae89e0c538d057cbd4","Admin","Admin","5a1e148074e45239e055feb9","5a445fc407be542a7401dd43","5a445fc407be542a7401dca0","5a445fc507be542a7401dd8c","Frais Scol:Etud Stat Privé","706110",0,78900000,0,"2018-01-21T05:14:22.264Z","2018-01-21T05:14:22.264Z","5a6421ae89e0c538d057cbd4"
"5a6421ae89e0c538d057cbd5","Admin","Admin","5a1e148074e45239e055feb9","5a445fc407be542a7401dd43","5a445fc407be542a7401dca0","5a445fc507be542a7401dd8c","Frais Scol.:Etud Boursiers","706120",0,493897109,0,"2018-01-21T05:14:22.264Z","2018-01-21T05:14:22.264Z","5a6421ae89e0c538d057cbd5"
"5a6421ae89e0c538d057cbd6","Admin","Admin","5a1e148074e45239e055feb9","5a445fc407be542a7401dd43","5a445fc407be542a7401dca0","5a445fc507be542a7401dd8c","Frais d'inscription","706130",0,2107500,0,"2018-01-21T05:14:22.264Z","2018-01-21T05:14:22.264Z","5a6421ae89e0c538d057cbd6"
"5a6421ae89e0c538d057cbd7","Admin","Admin","5a1e148074e45239e055feb9","5a445fc407be542a7401dd46","5a445fc407be542a7401dca1","5a445fc507be542a7401dd8c","Loyers Chambres Cité Etudiants","707300",0,4212000,0,"2018-01-21T05:14:22.264Z","2018-01-21T05:14:22.264Z","5a6421ae89e0c538d057cbd7"
"5a6421ae89e0c538d057cbd8","Admin","Admin","5a1e148074e45239e055feb9","5a445fc407be542a7401dd46","5a445fc407be542a7401dca1","5a445fc507be542a7401dd8c","Loyers Chambres Villa","707400",0,4650000,0,"2018-01-21T05:14:22.264Z","2018-01-21T05:14:22.264Z","5a6421ae89e0c538d057cbd8"
"5a6421ae89e0c538d057cbd9","Admin","Admin","5a1e148074e45239e055feb9","5a445fc407be542a7401dd46","5a445fc407be542a7401dca1","5a445fc507be542a7401dd8c","Séminaires, Colloques, Ateliers","707810",0,0,0,"2018-01-21T05:14:22.264Z","2018-01-21T05:14:22.264Z","5a6421ae89e0c538d057cbd9"
"5a6421ae89e0c538d057cbda","Admin","Admin","5a1e148074e45239e055feb9","5a445fc407be542a7401dd46","5a445fc407be542a7401dca1","5a445fc507be542a7401dd8c","Travaux d'Etudes","707820",0,15630402,0,"2018-01-21T05:14:22.264Z","2018-01-21T05:14:22.264Z","5a6421ae89e0c538d057cbda"
"5a6421ae89e0c538d057cbdb","Admin","Admin","5a1e148074e45239e055feb9","5a445fc407be542a7401dd47","5a445fc407be542a7401dceb","5a445fc507be542a7401dd8c","Subv Exploit des Etats","718800",0,526300927,0,"2018-01-21T05:14:22.264Z","2018-01-21T05:14:22.264Z","5a6421ae89e0c538d057cbdb"
"5a6421ae89e0c538d057cbdc","Admin","Admin","5a1e148074e45239e055feb9","5a445fc407be542a7401dd4b","5a445fc407be542a7401dce2","5a445fc507be542a7401dd8c","Intérêts/Dépôts A Terme","771100",0,2683545,0,"2018-01-21T05:14:22.264Z","2018-01-21T05:14:22.264Z","5a6421ae89e0c538d057cbdc"
"5a6421ae89e0c538d057cbdd","Admin","Admin","5a1e148074e45239e055feb9","5a445fc407be542a7401dd49","5a445fc407be542a7401dced","5a445fc507be542a7401dd8c","Reprises Provisions Exploitation","791000",0,12095680,0,"2018-01-21T05:14:22.264Z","2018-01-21T05:14:22.264Z","5a6421ae89e0c538d057cbdd"
"5a6421ae89e0c538d057cbde","Admin","Admin","5a1e148074e45239e055feb9","5a445fc407be542a7401dd3c","5a445fc407be542a7401dc87","5a445fc507be542a7401dd89","Valeurs Compt. Cessions Immo. Corp","812000",0,0,0,"2018-01-21T05:14:22.265Z","2018-01-21T05:14:22.265Z","5a6421ae89e0c538d057cbde"
"5a6421ae89e0c538d057cbdf","Admin","Admin","5a1e148074e45239e055feb9","5a445fc407be542a7401dd4f","5a445fc407be542a7401dce6","5a445fc507be542a7401dd8c","Produits Cessions Immo. Corp.","822000",0,2000000,0,"2018-01-21T05:14:22.265Z","2018-01-21T05:14:22.265Z","5a6421ae89e0c538d057cbdf"
"5a6421ae89e0c538d057cbe0","Admin","Admin","5a1e148074e45239e055feb9","5a445fc407be542a7401dd3d","5a445fc407be542a7401dc88","5a445fc507be542a7401dd89","Charges Hors Activ. Ordin.","83100",296000,0,0,"2018-01-21T05:14:22.265Z","2018-01-21T05:14:22.265Z","5a6421ae89e0c538d057cbe0"
"5a6421ae89e0c538d057cbe1","Admin","Admin","5a1e148074e45239e055feb9","5a445fc407be542a7401dd50","5a445fc407be542a7401dce7","5a445fc507be542a7401dd8c","Produits HAO Constatés","84100",0,383827,0,"2018-01-21T05:14:22.265Z","2018-01-21T05:14:22.265Z","5a6421ae89e0c538d057cbe1"